1,Blair Saurat,1953-11-08,2014-10-06,2003-01-10
2,Erv Griffith,1953-08-29,2020-03-07,2006-12-03
3,Leontine Saer,1976-09-21,2019-04-15,1997-09-23
4,Syman Antonioni,1954-08-28,2022-03-09,2004-11-06
5,Mina Gilphillan,1974-08-17,2021-04-20,2006-12-05
6,Margery Bonson,1975-01-26,2018-03-02,1996-09-30
7,Charlotte Piquard,1967-09-26,2011-08-11,2006-02-11
8,Alisander Friel,1949-02-19,2011-03-02,1997-09-11
9,Pandora Knutsen,1955-06-07,2015-12-20,2004-09-28
10,Thorstein Gensavage,1975-04-01,2020-07-18,1997-07-18
11,Frederigo Gatsby,1963-05-02,2020-03-26,1999-04-14
12,Marcy Wroe,1957-04-08,2014-11-02,2008-01-07
13,Gusta Needham,1958-11-29,2017-04-03,2002-08-29
14,Annabell Rallinshaw,1960-07-31,2015-08-02,2006-05-07
15,Madison Foyle,1954-11-15,2012-12-27,1996-01-11
16,Thacher Grigorey,1954-01-12,2018-12-11,2004-08-30
17,Stoddard Belison,1967-07-28,2013-04-14,2009-08-20
18,Milena Tripony,1953-12-29,2016-08-01,2002-03-28
19,Randy Radolf,1950-08-19,2012-11-09,1996-06-25
20,Dannie Brankley,1963-05-09,2013-12-17,2009-12-10
21,Daloris Dodwell,1952-07-23,2011-08-29,1996-12-01
22,Shawna Kesper,1964-08-24,2015-07-07,2006-06-04
23,Krishna Bake,1955-09-21,2015-12-20,2000-07-10
24,Carlina Burtt,1958-10-27,2016-08-10,2008-04-03
25,Isabelle Bidwell,1964-07-23,2016-08-21,1999-01-12
26,Susann Ambrogiotti,1957-08-04,2018-06-07,2002-11-29
27,Dulcy Shurlock,1967-09-07,2019-03-07,2006-02-15
28,Osmund Croux,1972-03-15,2011-03-22,2007-10-27
29,Katrine Assel,1967-11-21,2020-05-26,2006-07-18
30,Neila Presley,1947-09-14,2020-01-20,2001-01-03
31,Whitman McAviy,1976-07-05,2013-04-11,1996-02-24
32,Gualterio Orton,1975-06-14,2019-08-06,2003-07-10
33,Dulce Mickan,1946-03-27,2019-02-20,1997-06-14
34,Yalonda MacFarlan,1949-09-06,2023-12-01,2002-04-29
35,Elmer Wagenen,1973-02-23,2017-03-30,1999-04-06
36,Golda Salan,1959-02-10,2020-08-23,2007-11-19
37,Kelley Hailwood,1960-05-03,2012-11-16,2006-11-06
38,Ariel Dyerson,1966-02-07,2012-05-17,2001-04-23
39,Katusha Sparrow,1960-06-30,2021-11-29,2004-02-02
40,Alie Morby,1963-12-11,2015-11-18,2008-08-08
41,Ceciley Sewley,1953-01-22,2022-01-03,2008-06-13
42,Elberta Holdall,1960-08-28,2013-09-08,2005-12-03
43,Nellie Shier,1949-05-15,2016-10-21,1998-10-08
44,Jeffie Janz,1973-04-13,2021-10-14,2004-09-20
45,Dewitt McGarva,1946-07-10,2015-11-12,2005-05-16
46,Whitney Schroder,1947-04-22,2020-04-02,2004-09-01
47,Quill Cutchey,1973-02-04,2017-12-31,2004-11-14
48,Therese Gurr,1969-07-01,2018-05-28,2005-09-19
49,Xaviera Haley,1954-11-25,2017-10-13,2009-09-07
50,Nissie Ander,1970-05-20,2015-09-09,2003-04-09
51,Milissent Urlin,1958-09-12,2017-05-04,1998-11-01
52,Noam Whitwood,1967-08-02,2011-03-21,1997-09-18
53,Orlando Meddows,1970-11-05,2011-09-08,2004-03-26
54,Bill Ledgard,1973-04-12,2015-03-22,2002-08-03
55,Mozelle Reisk,1961-03-05,2020-08-11,2003-02-22
56,Clement Oglethorpe,1947-06-14,2023-10-14,2003-04-12
57,Conrad Estrella,1962-05-01,2017-03-28,2008-11-22
58,Adella Kinnerley,1952-08-24,2017-03-09,2003-09-20
59,Thorndike Mulgrew,1953-03-10,2020-04-02,2002-03-22
60,Darryl Geertsen,1976-02-24,2022-05-14,1999-10-19
61,Ferdinand Dymott,1956-05-20,2019-04-18,2000-09-19
62,Hans Currier,1973-08-28,2020-10-14,2008-04-29
63,Berry Heliet,1973-10-06,2017-02-14,1999-02-22
64,Munroe Maymond,1955-11-23,2022-07-31,2005-04-25
65,Reggi Sibson,1946-05-03,2017-09-24,2001-02-17
66,Kelila Shovelin,1956-12-15,2015-07-30,2000-12-05
67,See Thor,1951-09-23,2012-04-29,2005-05-06
68,Jannelle Berrygun,1965-12-22,2013-01-02,1997-10-28
69,Annissa Bertie,1974-08-04,2012-06-24,2008-10-24
70,Willette Deavin,1963-03-27,2017-04-10,2008-08-27
71,Juliana Gowen,1975-12-24,2020-08-05,1996-08-19
72,Joel Sales,1966-12-24,2020-12-15,2006-03-13
73,Haleigh Burnyeat,1971-08-07,2018-06-20,1998-02-21
74,Christye Debrett,1959-06-02,2020-09-07,2002-08-01
75,Kalie Bartczak,1955-04-29,2019-08-09,2008-05-09
76,Jacquelin Sparkwell,1965-09-02,2020-01-15,2009-06-11
77,Jojo Chitson,1946-05-04,2016-01-07,1996-01-14
78,Teodorico Druitt,1965-05-21,2017-02-03,2000-03-25
79,Rozele Poff,1946-07-29,2012-01-07,2003-10-27
80,Gizela Caile,1964-01-09,2022-09-06,2001-07-21
81,Tristan Petruskevich,1966-08-20,2014-02-13,2006-08-30
82,Cindi Harbisher,1951-05-16,2019-06-09,2004-10-10
83,Shena Greenroyd,1974-08-11,2023-07-10,2001-09-11
84,Fabian Cutsforth,1959-10-20,2016-03-02,2003-07-18
85,Filmore Roscow,1960-03-04,2012-02-10,2001-07-27
86,Sisile Laval,1956-12-02,2019-11-19,2004-08-05
87,Julio Keast,1964-10-16,2011-06-20,2003-02-01
88,Florri Shewon,1963-02-09,2022-01-24,2008-05-01
89,Zena Gott,1966-08-01,2015-04-29,1997-08-19
90,Louie Eisikowitch,1958-08-12,2018-01-18,2001-10-03
91,Carver Manvell,1964-08-25,2011-12-06,2001-02-13
92,Benji Taffe,1966-06-15,2023-04-23,2004-06-27
93,Florence Ames,1968-12-08,2016-01-25,2006-07-17
94,Ringo Linge,1953-03-22,2011-01-01,2008-03-07
95,Joannes Clynmans,1948-02-12,2019-01-24,2000-12-17
96,Rosemary Willmetts,1976-11-07,2018-05-24,1999-02-06
97,Emmit Pardal,1953-12-30,2023-02-12,2003-04-05
98,Puff Danzig,1952-02-22,2014-12-10,2001-02-02
99,Sherline Mary,1956-10-16,2019-02-06,2003-01-06
100,Janie McLane,1975-01-17,2017-11-24,2008-04-14
101,Gerrie Kirman,1965-04-04,2018-11-01,2006-12-10
102,Ralph Lewtey,1956-02-22,2019-11-29,2006-09-04
103,Burtie Hainey`,1957-12-09,2012-05-19,2002-09-16
104,Venita Lindgren,1952-07-13,2021-06-24,2000-02-10
105,Nydia Bothen,1947-08-19,2011-07-23,2000-01-10
106,Cordie Chmarny,1963-11-24,2014-07-24,2002-01-17
107,Lorilyn Peller,1969-09-27,2016-02-01,2001-02-07
108,Darya Gary,1953-07-23,2021-09-10,2007-11-16
109,Imojean MacArd,1972-10-19,2015-10-25,2000-01-02
110,Will Portail,1961-03-22,2022-01-27,2007-12-16
111,Essa Emanulsson,1973-09-13,2015-04-23,1999-12-15
112,Rubia Orys,1951-04-18,2018-02-18,1997-06-10
113,Madge Heather,1959-11-03,2012-11-22,2000-11-02
114,Jaquenette Tritton,1976-08-15,2017-03-25,1999-12-24
115,Jojo Parkyns,1974-05-25,2018-11-16,2009-01-12
116,Joya Pyer,1965-01-07,2022-04-30,2007-03-05
117,Vilhelmina Eskrigge,1976-08-30,2017-08-25,1997-10-11
118,Brooks Waything,1976-11-25,2019-12-19,2004-05-25
119,Dionis Newcombe,1972-04-18,2023-05-25,2002-12-27
120,Pedro Driver,1968-03-03,2019-07-02,2001-12-01
121,Laurice Cavee,1972-06-15,2017-02-15,2002-03-17
122,Rooney Smales,1974-01-07,2018-07-21,2009-01-22
123,Aldis Wales,1946-04-16,2015-03-27,2000-02-19
124,Loy Hinsch,1974-04-10,2015-08-09,2004-08-18
125,Gussy Bracco,1971-11-17,2012-12-22,1997-08-18
126,Emelen Prudence,1967-02-27,2012-11-13,2006-04-13
127,Konstantine Bollum,1966-04-03,2014-06-18,2005-02-01
128,Clemmie Collelton,1960-03-15,2017-07-28,1997-03-17
129,Alon Grand,1954-06-25,2016-04-20,2000-11-07
130,Milka McMoyer,1969-10-06,2017-09-24,2003-10-11
131,Gisele Pallin,1949-12-21,2014-03-22,2002-01-16
132,Darcee Truran,1945-12-26,2018-07-18,2006-02-28
133,Rubie Hassent,1947-08-26,2020-02-16,2007-07-13
134,Denys Perschke,1954-04-16,2012-03-02,2001-09-28
135,Sib Pavlov,1951-12-28,2012-10-19,1999-05-14
136,Stavros Polak,1955-07-22,2014-07-28,1996-12-20
137,Jonathon McLice,1947-03-20,2023-03-13,2000-04-13
138,Loria Gravener,1949-01-18,2013-10-03,2000-04-17
139,Ira Posselow,1961-07-25,2017-02-20,1999-07-29
140,Delia McCourt,1960-10-02,2020-07-31,2005-09-20
141,Darn Rothery,1959-02-15,2014-11-14,2008-12-04
142,Corinne Masi,1949-05-06,2019-03-29,2008-09-07
143,Daryl Dade,1974-03-19,2017-04-02,1998-09-27
144,Ethelyn Kuhnt,1955-09-29,2023-10-08,1999-03-27
145,Tobin Bonafant,1968-02-07,2020-06-25,2005-09-15
146,Haley Hulks,1955-07-22,2016-08-23,2006-04-25
147,Audrie Ceaser,1952-10-30,2019-02-03,1997-06-16
148,Hortense Hucks,1964-05-28,2018-05-17,1997-10-24
149,Kathe Kolyagin,1964-07-18,2022-12-11,1996-08-27
150,Marthe Lemoir,1949-02-10,2013-01-14,2000-07-12
151,Caressa Knight,1947-08-12,2021-11-09,2005-04-26
152,Gabriela Ryman,1966-04-28,2021-06-19,2006-09-04
153,Estella Scotchmor,1953-08-17,2014-07-21,2009-06-23
154,Fayette Finkle,1954-12-12,2013-02-15,1999-08-25
155,Erica Krollmann,1945-12-17,2023-11-09,1999-08-26
156,Rachel Jobbins,1968-01-23,2013-09-08,2003-09-15
157,Jenna O'Connel,1961-12-07,2023-06-10,2005-11-11
158,Tobi Mordanti,1970-05-04,2017-09-02,2003-03-15
159,Dannie Limer,1970-09-22,2018-11-24,2001-02-07
160,Orlan Artharg,1961-11-10,2014-07-11,1996-03-23
161,Melisande Masterton,1975-02-11,2017-01-25,2005-07-06
162,Mattie Ibbetson,1974-08-14,2015-04-01,2007-05-20
163,Almeda Grzesiak,1975-07-14,2016-06-03,1998-09-12
164,Urbano Gerrietz,1957-05-09,2019-10-19,1999-07-17
165,Remington MacBrearty,1953-09-28,2014-09-24,2008-07-13
166,Maximilien McKern,1966-11-23,2023-11-25,2008-04-21
167,Coretta Bande,1976-08-25,2017-02-15,2004-09-10
168,Beckie Slym,1965-05-12,2018-07-27,2003-04-05
169,Micki Huetson,1975-02-13,2023-08-18,2001-04-26
170,Mathe Bench,1975-10-11,2018-06-27,2007-10-29
171,Cristine Clemenzi,1951-10-28,2021-08-26,1998-05-01
172,Alla Salvidge,1973-09-19,2011-02-01,2007-04-28
173,Margarete Broadstock,1963-10-29,2011-08-05,1997-12-21
174,Jodie Jaine,1953-04-21,2020-06-19,2001-09-09
175,Renard Penvarne,1960-12-04,2021-09-21,2008-10-18
176,Jens Abernethy,1955-09-22,2018-03-10,2007-08-22
177,Vernen Batey,1975-03-22,2014-02-08,2004-01-05
178,Kriste Grzegorzewski,1966-09-16,2021-01-15,2005-07-25
179,Leonidas Gruszecki,1952-01-11,2016-04-09,2008-09-12
180,Jeno Kilmister,1960-10-29,2015-03-28,1997-07-19
181,Anson Hryncewicz,1974-05-24,2020-05-09,2007-01-08
182,Belinda Sage,1952-05-28,2012-08-31,2004-10-03
183,Sofia Marginson,1949-09-28,2022-09-21,2008-01-17
184,Willie Pettyfar,1975-01-26,2017-01-25,2006-05-08
185,Karry Widdowes,1955-01-30,2022-11-13,2006-02-13
186,Edy Goor,1966-07-20,2019-04-25,1998-08-24
187,Ignacio Dripp,1960-09-02,2020-08-25,2004-10-02
188,Virgie Moncrieffe,1961-09-07,2019-01-26,2009-10-02
189,Cortie Frascone,1957-07-28,2018-03-16,1998-02-10
190,Ellene Nind,1970-04-26,2018-10-30,2008-01-22
191,Webster Kitchingman,1946-02-18,2016-11-29,2003-12-14
192,Tomlin Jenkins,1972-11-01,2011-06-28,2003-10-07
193,Rupert Iley,1951-02-16,2014-07-01,2005-05-06
194,Stephi Dickey,1964-02-19,2014-08-02,2006-04-11
195,Tremaine De Giorgi,1964-08-05,2019-08-05,1998-04-15
196,Clarine Copozio,1968-07-27,2014-01-25,2006-04-05
197,Berry Logan,1947-10-27,2014-02-12,2006-06-27
198,Amelina Puddifer,1955-11-30,2014-03-20,2002-04-09
199,Salome Denidge,1976-01-01,2021-03-14,2009-02-02
200,Geordie Bance,1972-02-10,2021-12-28,2001-02-09
201,Redford Morcombe,1968-03-06,2018-07-07,2002-01-20
202,Gui Caron,1956-01-26,2019-05-30,1999-10-26
203,Olav Floodgate,1971-03-29,2013-09-06,2001-02-14
204,Cirillo Behneke,1962-02-18,2015-03-31,2009-06-29
205,Padgett Sunnex,1949-11-25,2023-06-16,1998-02-09
206,Monica Pietruschka,1966-06-26,2023-03-04,2006-05-15
207,Nickola Dabourne,1953-11-03,2022-12-17,2006-02-13
208,Indira Stanner,1976-08-29,2014-03-06,1998-07-26
209,Myrtice Kollatsch,1969-02-17,2013-08-01,2007-05-03
210,Kara-lynn Toombs,1960-10-30,2014-04-05,2002-07-09
211,Clementius Hannent,1947-09-18,2023-01-05,2009-03-11
212,Sabrina Aingel,1950-02-09,2013-05-26,1997-07-18
213,Charmaine Cockburn,1961-06-20,2015-10-19,2002-06-02
214,Myra Stoyell,1960-11-10,2022-11-21,1997-01-01
215,Paule Hassen,1970-06-13,2022-03-05,2004-01-05
216,Allsun Ringrose,1961-02-25,2015-07-10,1998-04-03
217,Alana Vairow,1972-05-27,2017-11-13,2000-07-30
218,Myrilla Lanphier,1970-03-20,2016-07-27,1999-03-13
219,Barron Kelbie,1960-06-01,2023-04-06,1996-08-10
220,Emera Hazeldene,1969-01-14,2015-07-27,2003-02-03
221,Antonin Micklewicz,1954-11-27,2013-04-29,1997-03-23
222,Ilka de Villier,1972-04-26,2016-06-11,2002-04-08
223,Morry Cormack,1969-12-30,2013-10-22,2005-07-14
224,Gerri Crevy,1965-10-07,2018-12-09,2006-03-09
225,Putnem Hassey,1956-04-20,2013-06-18,2003-06-24
226,Vasily Pykerman,1961-04-07,2020-10-29,2005-02-01
227,Roxanna Calderhead,1959-02-28,2016-08-20,2007-12-19
228,Lishe Pollendine,1970-05-29,2019-01-29,2007-07-25
229,Joelle Cicchillo,1969-12-08,2019-12-28,1997-06-27
230,Lana Starte,1976-11-10,2019-03-01,2002-11-04
231,Selene Haliday,1954-08-18,2011-08-02,2007-12-11
232,Bruis Gration,1947-10-15,2018-07-17,2007-09-16
233,Jillane Brash,1966-06-23,2023-01-02,2008-05-07
234,Law Hanrott,1963-11-26,2023-09-08,2007-01-25
235,Loralyn Losebie,1962-10-01,2017-10-20,2001-03-26
236,Dorena Perris,1973-05-13,2019-12-21,2008-04-22
237,Darsey Oultram,1973-03-07,2016-08-11,2004-02-24
238,Taite Appleby,1965-06-30,2019-06-09,2007-10-14
239,Sula McDonand,1954-08-22,2017-09-21,1997-06-09
240,Almeda Cheeseman,1966-12-04,2023-08-02,1999-10-03
241,Kellie Guidetti,1971-03-19,2014-08-30,1998-06-27
242,Georgianne D'Onise,1964-07-02,2019-06-12,1996-05-06
243,Heida Rushbury,1973-08-02,2011-05-05,2009-10-18
244,Clari Carlesso,1960-08-29,2023-10-09,2000-03-30
245,Rosmunda Anstiss,1971-03-27,2021-06-11,2001-07-22
246,Paco Bunner,1955-11-28,2016-03-18,1996-10-31
247,Chris Duckett,1949-05-14,2022-06-07,2004-02-28
248,Freedman Kestell,1974-03-18,2014-06-15,2006-09-14
249,Pedro Nano,1959-01-19,2017-07-23,2008-03-14
250,Devora Braiden,1968-04-14,2020-08-19,2000-08-06
251,Maury Jiles,1971-10-23,2015-12-26,1999-11-05
252,Brooks Rubartelli,1954-06-04,2021-10-19,1997-06-02
253,Constantino Alcoran,1948-09-30,2019-02-25,2004-01-04
254,Gertrude Simeon,1950-05-05,2021-01-12,2003-10-29
255,Emerson Eudall,1950-07-15,2020-03-14,2003-04-30
256,Orelia Austin,1956-08-21,2018-12-15,1998-12-31
257,Leonard McCready,1957-05-16,2013-07-11,1997-04-03
258,Barthel Boggs,1956-09-19,2020-04-18,2005-06-01
259,Casey Lettice,1969-05-07,2013-07-14,2006-10-24
260,Celinda Tebbett,1969-12-13,2012-02-22,2000-11-11
261,Rubin Fadian,1957-04-30,2019-08-19,2000-05-24
262,Camile Ridewood,1957-05-07,2023-08-24,1998-12-01
263,Mariellen Aldwich,1955-08-10,2013-01-06,1998-09-27
264,Petronille Caesman,1974-07-26,2016-06-21,1999-10-31
265,Lance Sillitoe,1946-05-10,2014-06-28,2008-03-28
266,De witt Woofinden,1953-04-17,2020-04-26,2004-12-03
267,Dani Thing,1951-09-26,2022-08-23,2000-03-07
268,Gabriello Spurdon,1975-02-05,2017-08-02,2000-06-15
269,Devin Garrigan,1959-02-03,2023-07-10,2007-12-02
270,Dorene Sex,1963-01-21,2020-08-05,1997-01-10
271,Evelin Caldroni,1962-04-22,2012-04-22,2001-12-23
272,Clay Govinlock,1969-04-01,2014-08-05,2006-01-22
273,Dilan Daleman,1953-06-18,2012-11-10,1997-01-22
274,Darcy Castellucci,1965-07-26,2013-07-24,1996-07-18
275,Beryl McDade,1956-08-10,2017-07-18,1996-02-09
276,Hagen Doerffer,1953-10-23,2014-02-09,2001-12-30
277,Lauren Brideaux,1957-07-07,2018-08-06,2008-02-23
278,Leone Fishley,1949-02-04,2018-03-17,2009-02-21
279,Lynea Staner,1969-02-08,2020-01-01,2001-08-04
280,Banky Moret,1962-10-31,2017-04-30,2008-01-10
281,Ellie Grannell,1970-05-14,2016-04-03,2000-11-03
282,Cassandry Hillburn,1969-11-27,2021-06-19,2003-01-27
283,Carrie de Broke,1976-01-10,2022-06-22,2001-08-05
284,Dido Adami,1967-06-16,2023-11-16,2001-12-26
285,Hayward Wyd,1970-10-26,2017-05-20,1999-01-31
286,Alejoa Lofthouse,1957-02-04,2021-04-21,2006-02-18
287,Collen Bramont,1971-08-30,2017-08-15,2006-03-04
288,Maggie Blomfield,1960-01-16,2012-03-28,2009-06-13
289,Julius Lapthorne,1968-03-01,2022-01-08,1999-03-06
290,Lindi Greguol,1973-07-05,2023-06-23,2007-09-03
291,Regina Churchard,1970-09-13,2011-03-13,1997-09-28
292,Freda Maffi,1974-08-09,2014-05-31,2003-01-11
293,Linn Mollett,1950-12-30,2013-07-22,2005-12-13
294,Ritchie Bridgett,1967-10-19,2011-02-08,2008-06-04
295,Ettore Hagwood,1951-05-09,2020-07-31,1996-02-18
296,Thacher Kiefer,1971-07-29,2012-06-04,2008-01-27
297,Madge Wadge,1959-10-26,2022-11-12,1996-05-17
298,Clara Bonnavant,1957-06-27,2016-01-01,2004-02-10
299,Bengt Ledingham,1974-07-31,2022-04-30,2004-07-06
300,Lammond Hatchell,1962-10-31,2018-10-12,1996-08-29
301,Inge Disbrey,1976-06-16,2012-01-13,2008-12-06
302,Frayda MacGaughy,1950-10-14,2013-06-12,2007-06-29
303,Alejandrina Dye,1947-04-30,2020-11-09,1997-12-07
304,Stefania Pooke,1965-06-13,2018-08-14,2006-12-07
305,Ian Kuhnel,1960-03-12,2022-11-08,1997-04-04
306,Avie Dmitr,1967-06-16,2016-05-02,2001-05-12
307,Kameko Trainor,1972-02-07,2022-10-26,2003-07-07
308,Antoine Prugel,1950-11-24,2019-01-03,1996-02-12
309,Valentina Perfitt,1962-09-22,2015-08-22,2002-10-14
310,Dew Bolesma,1969-03-25,2023-03-10,1997-08-06
311,Helen Fanton,1954-04-29,2022-01-21,1998-02-18
312,Angel Hayzer,1965-12-29,2013-10-26,2001-12-29
313,Janna Stainton - Skinn,1965-09-19,2016-05-14,2009-09-21
314,Violet Murrey,1951-04-29,2021-12-11,1997-06-23
315,Pennie Haglinton,1968-05-31,2013-04-18,2000-01-29
316,Sean Vamplew,1968-10-15,2021-10-21,2008-02-04
317,Domingo Searle,1955-03-15,2018-11-28,2006-02-07
318,Bronson Mussen,1963-08-14,2014-12-31,1998-04-05
319,Rodolph Swadlen,1949-03-03,2014-06-07,2005-01-11
320,Dall Petrecz,1951-11-01,2014-09-03,2009-10-04
321,Barrett Mayne,1961-06-28,2020-09-01,2002-09-04
322,Brandy Dabs,1953-01-29,2021-05-19,2006-03-22
323,Jennica Maly,1946-01-17,2012-06-05,2003-09-16
324,Sol Beedle,1958-06-17,2013-11-28,2005-06-15
325,Rhona Poltun,1976-01-19,2013-10-07,2003-02-28
326,Libbey Tebald,1961-02-12,2021-12-05,2007-12-05
327,Betsey Arlow,1955-06-09,2019-07-11,2002-10-10
328,Carlynn Venmore,1948-01-01,2021-04-16,2006-01-04
329,Herby Keme,1954-09-30,2018-04-19,2003-03-17
330,Tammie Bushell,1966-04-20,2014-06-04,2003-05-16
331,El Bentson,1948-03-20,2015-06-07,2007-01-30
332,Bronson Hearon,1948-11-03,2016-11-21,2005-11-13
333,Marcia Altoft,1969-04-06,2014-04-07,2001-10-21
334,Allison Castiblanco,1973-11-13,2011-01-13,2008-12-10
335,Jeddy Skin,1951-06-01,2013-11-03,2009-01-21
336,Allix Drexel,1972-09-23,2021-09-07,2009-03-24
337,Manda Korejs,1965-11-30,2013-02-18,2005-08-16
338,Mead Degenhardt,1955-01-14,2022-12-22,2005-05-28
339,Leonidas Goddman,1973-08-14,2018-11-26,1999-05-13
340,Sherrie Agronski,1956-05-05,2019-03-31,2007-05-24
341,Nico Strute,1948-12-24,2016-09-30,2009-03-31
342,Spencer MacDearmaid,1970-07-04,2018-01-06,1999-12-18
343,Dory Slane,1946-05-17,2015-07-17,2003-04-29
344,Cinnamon McCaffrey,1959-10-05,2016-03-08,2000-06-15
345,Butch Hause,1966-09-03,2016-11-19,2007-11-16
346,Amabel Albutt,1947-01-09,2011-01-09,2002-05-29
347,Deena Oleshunin,1954-07-31,2022-04-08,2007-03-16
348,Jeniece Eddington,1976-04-28,2020-12-07,2008-02-28
349,Jammal Cuell,1957-01-02,2021-06-21,1996-08-04
350,Allayne Ovey,1951-01-30,2020-01-10,1999-05-09
351,Berta Ascroft,1974-11-30,2014-07-24,2006-05-08
352,Myra Finder,1969-09-11,2012-07-03,1998-02-04
353,Myrna Dulin,1962-10-11,2011-08-09,2003-04-06
354,Katee Santoro,1960-01-06,2020-12-12,2004-06-10
355,Herbie Goncalo,1947-02-04,2022-06-15,2002-01-26
356,Rois Cattellion,1966-11-21,2020-10-26,2002-05-04
357,Marylinda Cadreman,1967-04-18,2017-09-04,2006-01-14
358,Jarad Dalloway,1967-10-11,2017-09-27,1996-09-08
359,Franni Blackaller,1953-10-09,2021-02-25,2002-06-22
360,Deina Bidewell,1954-07-17,2017-08-19,2004-07-11
361,Elie Padgham,1970-10-02,2020-07-06,1999-09-13
362,Findlay Silmon,1960-01-02,2019-02-21,2008-01-01
363,Shermy Tulley,1952-05-06,2018-06-27,1997-08-10
364,Terrill Cosser,1957-01-22,2013-07-29,2007-06-08
365,Birgit Fann,1954-11-08,2022-04-08,2001-09-27
366,Shannah Tunuy,1969-09-30,2015-04-28,1998-11-18
367,Harley Blennerhassett,1973-04-29,2011-03-20,2004-08-10
368,Krissy Saltwell,1959-10-06,2021-02-12,2008-02-14
369,Sherlock Simacek,1968-03-26,2021-08-14,2003-08-05
370,Gerald Di Filippo,1973-08-31,2012-10-08,2002-07-15
371,Artie Di Biasi,1951-03-10,2014-05-25,1997-04-05
372,Aida Sibary,1965-12-26,2015-05-21,2000-12-09
373,Guendolen Zimmerman,1973-07-25,2016-04-10,1998-04-03
374,Tilly Gerbi,1972-07-31,2015-12-12,2007-08-18
375,Charlean Vauter,1971-08-14,2023-07-15,2007-11-29
376,Bertrand Porteous,1955-10-04,2023-05-04,2004-02-03
377,Rikki Elliker,1970-07-14,2019-07-20,1998-09-01
378,Pepita Erlam,1968-02-21,2011-04-05,2007-05-15
379,Ruthann Rossborough,1961-09-16,2021-08-19,2007-01-20
380,Stu Huygens,1961-08-30,2017-06-24,2007-07-07
381,Milton Philcox,1953-02-22,2018-03-01,2001-05-28
382,Araldo Papierz,1955-06-13,2023-04-09,2008-10-08
383,Tamqrah Yewdell,1974-04-11,2018-03-10,2003-03-13
384,Siward Crips,1964-04-14,2021-07-16,2003-08-31
385,Maxy Craigheid,1976-11-07,2014-06-27,2000-10-28
386,Conway Ferencz,1946-05-30,2020-12-06,2004-08-03
387,Auria Lansberry,1966-08-07,2013-03-17,1999-06-20
388,Hamlin Niezen,1961-03-14,2014-07-20,2000-05-28
389,Karon Habeshaw,1962-08-16,2020-06-16,2006-04-09
390,Bryn Pallent,1964-06-11,2014-12-03,2004-08-10
391,Rubia Blackbourn,1955-12-22,2016-07-05,1997-08-05
392,Krystalle Connold,1963-09-20,2013-04-12,1999-10-23
393,Bettina Chrismas,1953-02-18,2011-05-27,2008-04-09
394,Bram Connell,1966-02-02,2022-07-29,2009-08-16
395,Cordy Courteney,1947-07-08,2023-12-02,1996-01-03
396,Zeb Feaver,1967-09-09,2023-05-10,1998-01-08
397,Maryellen Ridsdale,1969-06-20,2021-10-05,2006-01-11
398,Heinrick Doumerc,1955-02-22,2020-04-29,2004-01-14
399,Fritz Woolner,1949-03-29,2022-04-04,2007-03-21
400,Frederik Duiged,1952-05-17,2013-06-09,2004-03-11
401,Matthaeus Flea,1946-05-31,2017-04-29,1996-12-29
402,Minnnie Quene,1958-11-09,2019-01-01,2009-01-31
403,Clarette Littley,1960-08-17,2022-05-29,2002-09-06
404,Tera Dobrowolny,1975-08-20,2016-11-11,2004-02-27
405,Honoria Rule,1954-12-12,2013-03-10,2005-12-26
406,Larry Ketchaside,1955-05-31,2019-01-14,1997-09-05
407,Gavrielle O'Crigan,1973-06-03,2013-06-10,2009-09-11
408,Neale Volks,1959-06-24,2011-03-07,2008-05-21
409,Nikola Vizard,1966-05-23,2016-12-12,1996-05-14
410,Cinnamon Flescher,1970-11-23,2011-01-16,2006-02-23
411,Alla Dorwood,1970-09-23,2012-08-31,2000-01-12
412,Rutter Allbones,1955-03-21,2013-03-17,2003-05-25
413,Junette Ransley,1954-07-09,2018-06-14,2007-03-13
414,Lilyan Wallicker,1963-01-11,2018-01-06,2003-07-07
415,Floyd Mamwell,1964-06-08,2023-02-02,2003-06-16
416,Ebba Perritt,1946-07-13,2012-12-09,2009-03-06
417,Lew Fayne,1972-02-18,2021-05-01,2009-07-23
418,Camille Schechter,1951-08-19,2018-09-09,2007-04-09
419,Stanislaus Pidgin,1972-11-28,2018-10-07,2004-02-20
420,Janeva Yeliashev,1948-09-06,2018-08-09,2000-06-02
421,Clarine Cufflin,1975-01-15,2016-08-22,1999-02-27
422,Jay Winear,1971-05-27,2017-01-01,1998-08-27
423,Butch Dodge,1960-12-07,2021-12-20,2007-02-22
424,Silvan Le Barre,1975-06-13,2017-07-02,2006-10-09
425,Wendi Seedull,1966-06-24,2020-09-18,2006-08-11
426,Berni Ickovits,1949-02-15,2012-11-07,2005-02-27
427,Adolphus Bentzen,1955-06-06,2021-03-14,2006-03-20
428,Darice Merwede,1953-07-24,2012-05-27,1998-11-14
429,Germain Simonetto,1965-02-06,2014-11-03,2007-07-15
430,Terrel Izchaki,1957-08-12,2018-04-16,2009-05-14
431,Glenine Lacrouts,1946-07-08,2018-02-01,1998-01-27
432,Bianka Dossantos,1956-05-24,2019-04-22,1999-03-07
433,Dante Reignard,1957-09-04,2020-05-15,2003-05-11
434,Pam Olford,1973-12-09,2014-06-24,2001-06-16
435,Aldo Gayler,1966-04-12,2010-12-15,2003-01-07
436,Thaxter Lawlor,1967-10-04,2018-03-13,2003-04-20
437,Shaine Fosdike,1948-02-23,2015-12-23,1999-12-09
438,Donnell Beagley,1953-10-04,2022-10-17,2002-01-03
439,Cammy Ducroe,1966-12-20,2012-08-19,2008-03-14
440,Laureen Hubert,1966-07-29,2011-04-18,2009-02-15
441,Dalis Secretan,1959-06-29,2022-01-24,1998-10-11
442,Cordula Dabbs,1954-05-19,2011-10-26,2003-12-06
443,Mac Berriball,1974-11-02,2018-02-21,1999-07-30
444,Kata Bolesma,1946-03-07,2019-02-05,2001-05-25
445,Ethyl Earney,1954-01-24,2023-07-21,2002-04-14
446,Marsha Dederich,1969-12-30,2012-12-20,2005-09-09
447,Sukey Smolan,1960-03-14,2018-06-27,2009-03-01
448,Homerus Faustin,1951-11-15,2016-09-01,1997-02-08
449,Salvidor O'Finan,1952-05-02,2011-01-26,2006-02-27
450,Alexine Stickney,1970-08-05,2020-03-31,2000-06-06
451,Billie Baudain,1968-09-24,2022-08-09,1998-07-21
452,Ileane Blaes,1968-12-09,2015-07-14,2004-12-24
453,Nathan Joinsey,1950-12-05,2013-06-01,2005-05-23
454,Saundra Cantera,1946-11-03,2014-03-28,2000-11-03
455,Karleen Allden,1960-08-14,2011-09-07,2007-11-11
456,Jenda Carnall,1976-06-04,2011-12-07,2006-01-27
457,Cornela Easdon,1967-03-23,2019-08-19,1996-09-24
458,Warde Cason,1955-02-19,2014-12-01,2003-10-02
459,Rita Gotfrey,1963-03-30,2022-11-17,2000-06-11
460,Natalee Worssam,1972-01-11,2018-09-28,1996-09-12
461,Christabel von Grollmann,1961-07-13,2016-09-01,1996-12-03
462,Adolf Gibb,1974-04-20,2023-08-06,2006-01-25
463,Celestine Kildale,1964-12-10,2014-11-24,2002-01-04
464,Georgeanne Pentland,1956-04-24,2014-11-11,1999-03-13
465,Wilhelmina Burroughes,1954-04-30,2014-01-09,2003-11-27
466,Mitchael Birdsall,1966-07-14,2022-03-18,1998-03-31
467,Maximilianus Osgodby,1961-06-13,2012-03-15,2008-12-10
468,Colleen Huddlestone,1958-12-06,2022-04-15,2001-04-15
469,Nicolle Ambrosini,1947-07-21,2020-12-06,2002-05-06
470,Bunny Simeonov,1946-02-08,2016-07-08,2003-12-02
471,Randal Burgum,1952-07-10,2015-04-07,2004-10-22
472,Wendell Ciccetti,1973-04-30,2014-01-01,2006-07-23
473,Amy Baud,1950-03-20,2017-08-29,1998-03-10
474,Frankie Pehrsson,1949-05-01,2011-08-06,2007-01-18
475,Doralynne Balharry,1974-07-11,2018-01-26,2009-05-06
476,Joachim Duiguid,1966-04-14,2014-11-06,2001-07-27
477,Wells Denisyev,1959-09-14,2015-12-25,1996-06-28
478,Nellie Wanne,1967-02-09,2015-12-01,1998-02-03
479,Ike Basek,1964-01-12,2021-07-09,2005-12-12
480,Braden Scamadine,1962-06-14,2011-06-06,2002-06-28
481,Sadie Moggan,1946-02-10,2017-05-21,2004-01-10
482,Rozanna Poulsum,1967-04-03,2017-10-30,1996-12-13
483,Lek Solesbury,1946-01-20,2014-03-10,2002-12-06
484,Ashleigh Gorring,1967-10-16,2018-01-18,2003-10-30
485,Tammy Cargen,1967-06-06,2022-08-17,1998-02-22
486,Veronike Deetlof,1965-06-14,2016-10-06,2000-06-02
487,Tamara Tinmouth,1967-05-09,2015-10-17,2002-09-26
488,Allie Hegel,1948-08-15,2020-09-10,2008-01-11
489,Huntington Battrick,1970-06-14,2023-02-08,2002-06-14
490,Gustaf Housiaux,1959-05-09,2012-12-04,2003-01-14
491,Alphonso Carlens,1975-04-15,2017-01-14,1996-02-03
492,Montague Renzullo,1972-11-19,2014-05-11,2001-06-12
493,Sheryl Borzone,1954-10-12,2020-02-12,1997-11-28
494,Cory Hannabus,1970-10-04,2015-12-05,1998-09-02
495,Gilli Izakov,1963-01-03,2015-03-17,2002-08-15
496,Lowell Sturge,1964-03-19,2014-10-16,1997-11-15
497,Bonnie Brake,1972-01-13,2022-06-11,2009-11-22
498,Wynn Orpin,1971-05-09,2020-05-07,2005-05-23
499,Scot Hentze,1954-11-15,2012-05-12,1999-03-15
500,Devy Lamy,1955-09-26,2019-07-11,2003-06-25
501,Jamison Jeenes,1948-04-21,2013-10-19,1998-04-21
502,Gus Curreen,1961-01-23,2020-07-25,1998-04-07
503,Laraine Crowder,1957-04-03,2014-10-24,2004-01-26
504,Reba Sterry,1947-12-10,2018-09-20,2005-10-09
505,Skipton Di Francesco,1966-06-02,2017-12-24,2008-04-08
506,Reggie Lohmeyer,1948-09-12,2022-11-04,1998-08-22
507,Lula Bousfield,1956-03-08,2014-04-03,2004-02-06
508,Marcelle Keddy,1967-05-27,2022-07-09,2006-05-14
509,Gaby Sutherden,1958-02-10,2022-06-10,1996-11-10
510,Carri Surgen,1967-07-19,2011-01-22,1996-02-11
511,Andris Delort,1949-03-05,2018-07-07,1997-03-27
512,Baird Bargh,1976-09-25,2020-02-07,1996-10-24
513,Helge Shilliday,1961-05-05,2015-12-18,2009-10-13
514,Milena Toleman,1969-11-13,2017-08-13,2006-08-16
515,Rora Scholer,1964-10-09,2022-05-01,2004-11-02
516,Kaleena Jozwiak,1948-08-31,2017-02-21,2002-11-06
517,Jewell Reolfi,1959-03-02,2021-01-08,1999-12-07
518,Wenda Halhead,1960-02-25,2022-07-03,2001-04-27
519,George Krammer,1967-10-26,2020-04-30,2005-06-06
520,Zedekiah Hamments,1971-08-18,2013-10-07,1999-12-12
521,Hermann Cannam,1973-03-24,2015-07-23,2007-04-25
522,Judas Bertson,1956-12-03,2020-06-21,2005-01-03
523,Sibley Holdey,1959-08-19,2022-11-16,2004-02-21
524,Panchito Matson,1967-04-12,2018-03-26,2008-12-14
525,Dale Beadel,1957-03-18,2019-06-21,1999-08-30
526,Yorke Poleye,1970-08-27,2018-11-27,2001-09-10
527,Robbie McVaugh,1947-11-07,2018-08-17,1998-07-17
528,Sid Plackstone,1974-09-11,2014-10-04,2005-09-14
529,Theodore Tonbridge,1946-08-01,2013-02-03,2002-06-20
530,Norine Maunder,1964-02-03,2014-09-17,2004-05-09
531,Tamas Swayne,1947-10-19,2022-06-21,2008-09-04
532,Archibald Ellington,1961-03-28,2012-01-26,2002-05-23
533,Lenore Monkhouse,1962-11-14,2011-10-17,2003-01-03
534,Lester Bawles,1963-09-25,2018-05-20,2001-02-12
535,Cori Vignaux,1968-11-22,2022-12-25,1999-07-25
536,Marguerite Keelin,1963-02-18,2020-02-11,2000-05-18
537,Rock Mieville,1967-08-31,2014-07-12,2005-05-21
538,Barbaraanne Mary,1974-05-23,2014-11-01,2000-03-23
539,Maye Doerrling,1949-05-12,2016-03-04,2003-07-26
540,Jeremy Clendennen,1951-01-26,2018-01-28,2001-04-16
541,Tonie Beckford,1951-06-02,2016-03-23,1999-02-16
542,Martguerita Cuningham,1957-12-18,2023-06-02,2005-06-07
543,Donielle Joye,1964-06-04,2021-01-21,2005-08-14
544,Garth Glyn,1964-01-22,2015-01-01,1997-11-17
545,Glynnis Filmer,1959-02-11,2012-07-21,2003-09-04
546,Alane Aubery,1961-04-05,2012-03-11,2001-01-08
547,Debi Elan,1948-04-02,2014-07-05,2009-11-15
548,Arlen Masterton,1956-08-25,2020-10-10,2008-02-22
549,Lianne Callar,1968-06-28,2022-12-22,2000-10-29
550,Penrod Prydden,1953-12-23,2019-01-07,2005-11-08
551,Dalli Baly,1949-03-12,2014-11-21,2009-01-10
552,Teodorico Scarse,1960-05-30,2016-03-30,1996-08-02
553,Korie Doumerc,1947-02-07,2022-04-29,2003-05-29
554,Bert Gracewood,1971-10-24,2022-01-10,1998-04-10
555,Wrennie Tunesi,1950-07-21,2016-01-30,2003-01-05
556,Pooh Toon,1975-03-14,2018-11-09,1998-06-04
557,Harlene Ferrea,1970-04-21,2016-06-10,1998-08-20
558,Ruy Jaqueminet,1954-04-10,2020-08-30,2001-11-15
559,Jaquenette Chuter,1968-12-14,2023-02-21,2009-01-09
560,Erl Chalkly,1950-07-03,2019-10-27,1998-12-23
561,Thain Scorah,1971-04-04,2018-01-25,2008-03-14
562,Chrisy Hindmoor,1953-02-13,2016-11-03,2001-07-05
563,Editha Jouannisson,1971-01-14,2019-07-01,1997-06-29
564,Audie Garber,1974-10-07,2022-01-26,2001-01-28
565,Dee Clausewitz,1965-08-08,2015-02-05,2008-05-29
566,Aldwin Simmins,1949-09-21,2013-10-25,1997-05-23
567,Cord Baccas,1974-06-13,2022-06-21,2009-04-07
568,Gusella Presnall,1972-12-11,2018-11-14,2008-09-19
569,Margalo McGuiney,1965-02-08,2018-01-10,2004-08-28
570,Galvan Farlowe,1959-06-05,2022-10-02,2003-01-13
571,Vanny Durrell,1963-11-04,2013-03-19,2000-12-18
572,Kittie Epps,1976-11-27,2015-07-26,2004-12-02
573,Bev Garrettson,1952-01-23,2023-10-06,1997-10-27
574,Kara Wassell,1946-09-09,2020-02-06,2003-10-05
575,Erinn Croizier,1949-10-23,2020-06-29,2007-12-31
576,Tamar Erley,1951-04-23,2012-09-15,2001-12-27
577,Mitchell Iacovelli,1957-10-16,2011-11-22,2002-09-07
578,Caresse Rembrandt,1947-12-11,2023-05-22,2005-11-07
579,Eldin Swyn,1964-01-16,2021-04-19,2000-10-04
580,Isadora Renals,1961-05-11,2018-12-11,2005-10-18
581,Prentiss Earland,1952-05-08,2018-01-21,2002-09-02
582,Byrom Sutterfield,1957-06-08,2012-06-13,2009-08-07
583,Tera Cawtheray,1964-11-24,2016-03-09,2006-03-17
584,Hildegaard Gloucester,1958-03-16,2013-02-21,2007-08-23
585,Shayne Meric,1950-07-08,2011-09-07,2004-08-23
586,Virgie Vallack,1967-09-01,2022-07-08,1998-11-22
587,Travis Huchot,1949-09-13,2015-12-02,1996-10-09
588,Lenore Vasilchenko,1974-06-10,2022-01-17,2002-01-28
589,Lorant Pooke,1961-05-08,2016-10-16,2004-11-02
590,Harwell Dockery,1958-10-05,2017-09-25,2009-08-13
591,Hagan Yare,1968-11-01,2022-06-09,2003-02-26
592,Bank Bridgett,1954-06-01,2015-08-30,2009-11-26
593,Marwin Brookwood,1961-11-21,2022-08-13,2005-11-29
594,Christan Rolley,1951-04-22,2021-12-25,2001-07-26
595,Christine Lloyd,1946-10-06,2015-10-30,2001-01-23
596,Thurston Yorath,1962-05-03,2021-02-20,2001-04-03
597,Sheree Danbye,1972-03-31,2011-08-10,1996-09-04
598,Corey Jefferys,1958-05-16,2017-04-07,2000-09-26
599,Jennica Balaizot,1970-03-01,2020-06-16,2006-08-17
600,Dana Brenard,1963-01-07,2023-08-05,2008-08-15
601,Geneva Cursey,1949-05-20,2018-10-30,2004-10-31
602,Alleen Light,1951-09-26,2022-07-26,2003-11-04
603,Carey Willerton,1950-06-18,2012-11-01,1997-02-26
604,Ruby Clancy,1962-01-16,2020-07-02,2009-04-16
605,Clarette Zylberdik,1952-01-24,2019-07-05,2006-02-15
606,Reena Aitchinson,1966-10-09,2014-05-07,2008-06-23
607,Scot Cayle,1960-04-23,2015-07-19,2000-03-27
608,Mommy Annis,1968-02-06,2017-04-26,2008-12-30
609,Joe Irons,1947-12-02,2023-03-29,2005-06-02
610,Sella Agate,1964-06-13,2020-10-14,2005-07-03
611,Rafaellle Ashfull,1966-01-11,2011-07-29,2005-11-06
612,Ellynn Parsley,1972-02-16,2016-06-26,2005-10-27
613,Francklyn Dilawey,1947-02-03,2016-06-28,2003-10-29
614,Hercules Gianuzzi,1947-04-19,2021-08-07,1997-12-02
615,Nari Assandri,1973-06-29,2013-08-20,2002-11-18
616,Kellie Burbage,1975-04-16,2019-06-25,2004-08-21
617,Freedman Julien,1956-08-19,2013-02-28,2003-08-21
618,Natassia Atling,1969-03-20,2012-09-22,1997-07-18
619,Melita Maggill'Andreis,1975-01-15,2021-04-16,2006-06-16
620,Malchy Chapier,1968-04-25,2012-12-29,2001-12-28
621,Monica Kupis,1951-08-16,2014-11-05,1999-04-23
622,Kylynn Kornousek,1960-06-14,2018-09-14,2008-08-17
623,Rodina Sima,1962-08-26,2012-09-07,1999-11-18
624,Aharon Umpleby,1965-07-27,2023-10-26,2009-10-28
625,Neala Spurgeon,1949-06-21,2022-10-30,2003-03-10
626,Candra Annice,1946-10-30,2017-06-19,2004-12-31
627,Cassey Murgatroyd,1957-06-22,2022-08-27,2000-02-01
628,Ashleigh Dessant,1951-04-15,2011-10-26,2008-12-09
629,Melitta Pankhurst.,1961-11-29,2011-06-18,2008-06-26
630,Sasha Brockelsby,1971-10-19,2011-12-03,2004-08-20
631,Karrah Aluard,1967-06-24,2013-12-06,1996-09-06
632,Eben Stilliard,1947-12-24,2015-09-02,1999-06-24
633,Myrah Batchan,1974-11-01,2013-11-26,1998-02-22
634,Rosalia Jepperson,1962-12-28,2021-10-11,1999-02-04
635,Juliann Tidd,1965-02-28,2020-09-14,1999-09-03
636,Geri Payfoot,1974-12-11,2020-03-26,2002-12-02
637,Bendick Schall,1946-03-22,2013-08-23,2007-08-28
638,Zacharie Cason,1948-04-09,2012-12-07,2001-07-08
639,Norbie Morphew,1960-08-06,2015-07-01,2009-04-15
640,Virginia Gilleon,1951-11-11,2020-09-30,2007-12-28
641,Abeu Kullmann,1954-07-01,2018-12-16,1996-11-25
642,Karlotte Eton,1956-01-30,2020-06-15,2004-05-10
643,Erinna Giggs,1968-07-12,2020-11-18,1995-12-25
644,Nanice Gabbotts,1954-06-07,2023-11-08,2003-10-25
645,Desi Broader,1960-02-24,2019-09-08,1997-12-16
646,Legra Drysdall,1951-04-16,2019-02-14,1996-05-29
647,Carlye Pischel,1956-08-01,2016-06-28,2009-01-21
648,Leesa Yegorov,1960-01-24,2013-05-11,2005-05-01
649,Sayre Ronnay,1973-03-03,2023-11-08,2006-02-06
650,Fanni McKim,1957-07-19,2020-03-01,2007-08-07
651,Kassia Todeo,1946-03-18,2021-09-16,2005-05-20
652,Hermione Bamfield,1976-01-28,2016-10-10,2006-07-13
653,Nicolis Inglese,1973-11-24,2011-08-21,2001-01-30
654,Jacky Walkingshaw,1951-05-15,2012-02-05,2003-06-19
655,Alicea Senner,1961-12-02,2015-02-15,2006-02-24
656,Meta Mayow,1953-01-03,2015-02-08,2008-01-09
657,Elianore Bootherstone,1973-05-31,2019-07-24,2008-07-30
658,Olimpia Ahmed,1949-07-14,2013-07-09,1996-01-31
659,Alia Albers,1951-08-12,2022-12-31,1999-01-17
660,Sara-ann Croyser,1959-04-05,2011-11-13,2004-06-07
661,Gabi Kingzett,1962-10-20,2013-11-29,2002-07-13
662,Andriette Bedford,1953-04-04,2023-06-24,2007-12-12
663,Myrvyn Chastel,1969-03-26,2019-06-01,2007-07-15
664,Arny Vigours,1946-02-05,2021-04-14,2008-05-13
665,Terrance Oherlihy,1948-05-31,2015-12-24,2002-11-14
666,Reeba Petrashov,1974-12-09,2022-10-22,1999-03-24
667,Reece Abercrombie,1946-08-27,2018-08-17,2000-10-10
668,Joyann Largan,1967-06-06,2015-03-22,1995-12-17
669,Yoshi Kidder,1975-02-28,2021-12-25,1998-09-06
670,Ruddy Putson,1967-12-04,2020-06-18,1998-03-23
671,Cordie Draper,1970-08-31,2021-02-13,2004-11-02
672,Ariana Broggelli,1953-05-03,2011-10-28,2003-02-04
673,Yorgos Bringloe,1956-06-27,2013-07-03,2003-01-09
674,Madalena Prettejohns,1964-07-19,2015-02-15,2001-02-01
675,Rosaline Fritzer,1974-06-26,2016-03-05,2009-09-11
676,Cari Groarty,1948-11-15,2011-01-21,2003-03-23
677,Brewer Tunniclisse,1958-01-03,2020-10-11,1998-09-05
678,Abbie Waghorn,1956-08-07,2011-01-01,2009-06-19
679,Cindi Bilbrooke,1956-11-27,2016-02-10,2000-05-22
680,Byrom McKernan,1950-11-09,2022-12-06,2009-03-05
681,Michaeline Common,1960-01-21,2011-04-15,2009-04-17
682,Mitchel Swinglehurst,1951-03-27,2019-01-09,2005-03-16
683,Candie Michele,1954-01-08,2021-11-05,2001-08-21
684,Wynn Lovekin,1951-09-22,2023-09-24,2008-04-29
685,Sterling Cleworth,1965-06-29,2018-10-05,2008-05-27
686,Loutitia O'Carmody,1955-07-11,2022-06-04,2001-01-16
687,Donalt Streetfield,1973-10-16,2017-02-16,2007-09-14
688,Lewiss Vickress,1957-01-18,2014-01-08,2003-07-11
689,Tammie Meeson,1950-04-05,2011-06-09,1998-02-21
690,Garey Tripp,1976-06-13,2022-09-19,2002-10-15
691,Zelda Heymann,1947-03-28,2013-11-30,2003-11-14
692,Kerrie Easson,1970-10-15,2011-06-17,2001-05-10
693,Valry Gange,1963-10-29,2011-01-25,1999-07-03
694,Matt Klimowski,1955-04-01,2020-01-26,2009-10-29
695,Deva Tilliards,1966-12-15,2014-11-25,2001-08-14
696,Garfield Reape,1953-04-06,2020-03-25,2001-06-23
697,Felicia Swane,1971-06-28,2015-10-04,1999-04-28
698,Perice Franciotti,1963-06-17,2015-10-10,2006-09-15
699,Trent Wilsee,1976-01-23,2021-11-29,2007-02-03
700,Rollin Meggison,1947-07-26,2015-02-26,2004-12-03
701,Daron Westmorland,1960-06-01,2021-05-28,1997-02-09
702,Gianina Reach,1951-07-13,2012-01-03,2001-05-20
703,Felecia Bovaird,1973-07-31,2022-05-16,2000-11-22
704,Alix Caneo,1954-09-24,2023-06-05,2000-10-26
705,Rinaldo Snowdon,1961-04-13,2023-10-15,2002-03-15
706,Brianne Habberjam,1970-12-22,2023-04-07,2008-09-03
707,Lian Sutter,1958-10-11,2017-12-14,1998-11-17
708,Aguistin Kapelhoff,1976-06-11,2021-09-30,2008-05-05
709,Berke Gettins,1952-08-22,2022-08-16,1998-03-30
710,Gayla Kike,1949-08-20,2012-09-05,2003-09-04
711,Royal Annand,1968-12-27,2019-04-24,2009-09-06
712,Ruby Devanney,1946-09-12,2013-03-22,1999-06-07
713,Fran Dronsfield,1976-08-09,2012-10-30,2000-09-19
714,Cloris Dimberline,1955-03-19,2019-11-25,2009-06-14
715,Uta Biggans,1948-07-08,2012-11-27,2008-07-22
716,Myer Gladdin,1946-04-08,2012-08-07,1996-09-17
717,Wye Gingel,1956-09-23,2015-08-09,2006-06-15
718,Joline Leathwood,1965-05-31,2023-01-20,1999-12-10
719,Saraann Brownsea,1959-08-13,2015-03-24,2000-12-17
720,Neale Dealy,1963-01-02,2015-03-31,2009-02-13
721,Ardith De Filippo,1947-12-02,2020-04-06,2003-06-24
722,Jacquetta Colum,1954-11-09,2018-06-09,2006-03-22
723,Bendicty MacCoughan,1957-07-28,2022-04-28,1999-05-12
724,Fredek Lawrey,1960-09-19,2014-09-06,2005-09-30
725,Odella Strettell,1961-08-22,2023-10-09,2003-09-21
726,Roderigo Oki,1973-09-04,2017-11-07,1996-08-30
727,Alisander Monckman,1949-10-09,2016-08-16,1999-02-04
728,Mikkel Glentworth,1957-10-10,2020-01-12,2007-12-08
729,Ivonne Cicconettii,1968-12-17,2014-10-13,2001-08-03
730,Jordan Bordessa,1950-10-16,2013-09-19,2003-10-06
731,Wallis Whatham,1966-11-09,2013-08-19,2006-10-21
732,Clerc Notman,1963-08-11,2019-05-31,1997-01-26
733,Chelsie Holme,1963-05-16,2017-12-24,2007-02-28
734,Melony Curreen,1950-10-26,2021-09-07,2008-08-03
735,Shaughn Fray,1953-09-02,2016-08-30,2006-04-05
736,Alexandrina Booij,1957-01-20,2015-06-03,2009-11-21
737,Peyton Papa,1952-04-18,2011-01-30,2004-10-20
738,Justis Smallsman,1969-02-28,2021-09-23,1996-05-21
739,Phillipp Guillart,1969-12-28,2013-12-31,2000-11-02
740,Maud Geillier,1966-10-15,2022-07-31,2009-03-12
741,Debera Point,1949-10-31,2011-12-24,2003-09-08
742,Romy Symson,1973-11-24,2022-07-31,2004-12-20
743,Hughie Hathway,1970-11-06,2019-09-13,1998-11-13
744,Linnet Sallenger,1969-02-19,2023-05-21,2005-03-26
745,Wes Relph,1973-10-23,2011-02-25,2006-11-02
746,Kattie Widdecombe,1959-10-10,2018-08-03,1997-05-21
747,Kingston Stachini,1961-06-24,2016-01-23,2007-04-27
748,Gerrie McCrone,1957-02-05,2017-08-29,1999-05-17
749,Nevil Josskoviz,1960-10-22,2021-04-11,2003-12-12
750,Rebekah Villa,1948-12-03,2011-06-25,2001-01-16
751,Jamill Cockshott,1968-08-22,2013-02-05,2009-01-29
752,Karyl Christopher,1961-05-14,2020-01-06,2009-07-28
753,Kacy Antrobus,1954-08-07,2012-08-16,1996-06-09
754,Gerrilee Jenkinson,1953-02-14,2019-07-11,2007-02-22
755,Moe McMinn,1967-12-02,2013-02-20,1997-03-24
756,Sherlocke Clemenzi,1968-10-15,2014-07-26,1996-06-15
757,Brande Dudgeon,1952-06-08,2011-01-08,2001-08-23
758,Imelda Di Biagio,1955-07-01,2017-05-09,1996-03-15
759,Gilda Snoday,1946-10-03,2019-05-06,2009-11-30
760,Darnell Ewebank,1954-01-27,2019-04-07,1997-07-27
761,Wainwright Wilkison,1961-03-19,2011-08-29,2004-10-06
762,Yoko Wozencroft,1956-04-19,2012-01-11,2004-09-03
763,Vittoria Howles,1951-11-10,2014-10-16,2009-03-20
764,Pepita Moakler,1947-01-22,2012-08-13,2007-05-02
765,Adelaide Pietz,1954-11-06,2020-12-31,2007-07-11
766,Sumner Paxforde,1946-10-11,2020-05-07,1996-05-06
767,Desi Gorioli,1973-06-26,2017-08-22,2001-07-16
768,Ruth Carreck,1971-02-18,2018-10-30,2007-08-12
769,Ki Rangle,1968-11-02,2012-12-22,2001-09-23
770,Morna Christophe,1972-06-02,2013-10-16,2000-11-09
771,Blondell Glusby,1955-08-24,2015-05-10,2004-03-15
772,Dacia Kettell,1958-09-04,2015-05-08,2001-12-01
773,Art Backshall,1960-03-04,2013-05-22,2000-10-05
774,Lind Hardiker,1957-11-10,2017-07-04,2003-08-12
775,Georgetta McBratney,1962-06-11,2020-12-09,2002-02-03
776,Norry Lawton,1962-05-17,2021-09-23,1999-03-15
777,Joly Westfalen,1950-05-22,2022-08-21,1997-01-09
778,Pete Vankin,1956-05-04,2011-04-28,2000-03-24
779,Henrietta Skellion,1972-06-20,2014-11-22,2009-05-28
780,Hedvig Dowry,1965-04-05,2013-01-20,1997-02-18
781,Addy Dawton,1965-12-14,2014-06-11,1997-01-14
782,Mellisa Cucinotta,1952-02-04,2013-08-20,1998-04-23
783,Mortie Speir,1967-10-30,2012-09-28,2009-11-14
784,Alistair Maddie,1971-07-07,2021-10-23,1996-07-09
785,Mar Catlin,1958-01-29,2012-01-29,1998-02-15
786,Maxim Karle,1959-08-13,2021-02-15,2007-10-17
787,Elita Verdon,1951-02-05,2017-08-16,2001-04-21
788,Dael Dixey,1971-06-21,2018-08-26,2006-05-19
789,Marcelline Ruppel,1964-09-20,2014-03-22,2005-03-03
790,Sherie Landers,1959-01-19,2021-07-05,2003-05-26
791,Aylmar Bartelli,1948-04-27,2012-01-23,1996-10-25
792,Mathian Fairholm,1946-09-27,2012-02-06,2007-11-24
793,Gordon Torbett,1961-01-06,2020-11-19,2005-10-03
794,Fancie Skittreal,1963-01-17,2011-03-01,2005-05-08
795,Sonya Frany,1964-03-20,2014-08-19,2001-04-17
796,Danyette Tosdevin,1957-02-10,2018-09-06,2006-06-07
797,Perrine Ingall,1960-06-29,2012-08-06,1997-12-25
798,Arri Sumbler,1973-06-03,2021-01-15,2004-06-15
799,Jo-ann Swinburn,1975-04-08,2012-01-02,1996-11-30
800,Jodie Wann,1955-12-30,2017-08-26,2008-11-30
801,Merrie Leacy,1965-01-01,2021-09-17,2004-03-27
802,Brigitta Trigwell,1970-09-25,2012-03-03,1997-01-07
803,Cal Staniforth,1966-12-07,2017-02-10,1998-07-30
804,Sheilah Sedgemond,1946-10-01,2018-09-07,1996-06-16
805,Eleni Tomei,1967-08-30,2012-08-21,1997-07-10
806,Virgina Lebourn,1968-06-20,2014-10-25,2004-09-10
807,Dun Geelan,1951-11-27,2023-01-24,1998-02-07
808,Milzie Kulver,1955-06-09,2011-05-01,2006-01-06
809,Ashleigh Arnoldi,1970-04-22,2022-06-25,2001-10-10
810,Gar Toquet,1952-06-19,2019-06-28,2007-02-02
811,Montgomery Very,1971-01-27,2012-09-24,2004-05-11
812,Ryon Brewers,1972-05-13,2022-07-22,2003-04-24
813,Kessia McGirr,1966-11-05,2017-06-29,1998-06-17
814,Wildon Cominetti,1955-03-30,2019-06-15,2005-04-23
815,Berk Allard,1952-01-23,2022-03-09,2006-01-19
816,Norah Catley,1962-04-20,2011-03-29,2001-12-14
817,Bertrand Joannet,1961-05-28,2013-06-23,2003-09-03
818,Dulcie Snoxell,1960-07-18,2020-01-05,2001-01-28
819,Sol Chapiro,1962-09-19,2022-02-25,1996-01-03
820,Ferrel Ybarra,1972-07-10,2021-02-26,1999-03-08
821,Kathrine Itzkowicz,1962-08-30,2012-09-26,2009-04-20
822,Susanetta Poxon,1974-06-23,2022-01-13,2007-05-22
823,Fredia Exall,1951-03-04,2013-03-22,2003-09-20
824,Danita Radden,1976-01-18,2022-03-04,2003-01-08
825,Pauly Tappin,1964-05-12,2016-08-12,2005-04-20
826,Christiane Yarrington,1948-02-12,2012-01-18,2009-01-17
827,Simonne Rean,1973-05-22,2014-04-15,1997-07-20
828,Freida Audry,1957-05-07,2022-09-10,2007-07-28
829,Livvie Tamas,1947-05-31,2016-11-15,2003-08-09
830,Gene Byrde,1951-06-27,2022-05-11,2005-07-01
831,Devora Parradye,1967-08-13,2015-01-15,2000-03-18
832,Guss Pile,1957-09-23,2011-09-03,1996-09-06
833,Wood Jenkin,1951-08-27,2019-02-27,2000-09-10
834,Herbie Jouannot,1969-04-05,2011-08-19,1997-07-28
835,Evered Rustedge,1969-03-06,2019-01-04,2002-04-21
836,Mina Popley,1967-01-12,2020-09-19,1999-01-19
837,Katharyn Guille,1950-12-29,2015-08-03,1997-01-18
838,Zed Paulsson,1948-06-02,2017-04-23,2007-02-05
839,Julia Drover,1955-11-12,2015-12-29,2004-11-08
840,Augustine Dawidowitz,1973-10-14,2013-11-27,1997-10-21
841,Clotilda Javes,1951-03-01,2017-11-12,2009-09-11
842,Janean Mateev,1969-05-23,2012-06-10,2002-01-03
843,Marylee Mazzilli,1969-12-29,2011-10-05,1998-05-14
844,Jecho Meneur,1968-01-13,2015-07-20,2007-02-28
845,Philly Messer,1963-04-13,2019-07-18,2008-06-09
846,Kaycee Boatright,1968-03-19,2021-12-26,2008-09-25
847,Jeane Hundell,1954-02-24,2011-11-21,1996-09-23
848,Angeli Penton,1955-04-27,2017-04-13,2000-01-24
849,Frankie Robel,1969-08-05,2020-07-31,2001-10-28
850,Shurlocke Gebhard,1968-04-12,2020-07-30,2006-07-12
851,Adelind O'Corrane,1959-10-29,2020-08-15,2006-01-09
852,Marchelle Hillyatt,1976-07-25,2019-04-19,1999-12-09
853,Axe Izhaky,1953-10-06,2020-03-11,2005-02-28
854,Maddalena Copping,1974-08-03,2012-09-13,2008-10-16
855,Fernanda Burdin,1960-10-26,2016-02-06,2001-02-27
856,Norina Emsden,1969-03-27,2021-09-19,1999-07-30
857,Noelani Rathke,1969-02-25,2018-03-28,2006-02-19
858,Tim Ferminger,1962-03-13,2013-06-09,2008-08-25
859,Lucine Mapstone,1964-07-01,2011-09-02,2006-10-14
860,Jeane Brumpton,1951-09-14,2022-08-03,2002-11-10
861,Karoly Petworth,1953-07-29,2018-06-13,1998-04-20
862,Caitrin Synnot,1964-07-15,2011-08-15,2003-08-21
863,Matty Dorot,1952-12-02,2014-09-21,2001-01-29
864,Pat Fulstow,1975-10-21,2012-04-29,2003-12-09
865,Terrye Prazor,1948-01-11,2019-11-21,1997-03-16
866,Wilone Datte,1974-02-03,2023-08-04,1996-07-23
867,Griffith Eixenberger,1947-08-28,2022-10-05,1996-11-21
868,Marcello Bierling,1948-04-17,2017-03-22,1998-02-25
869,Holden Dummer,1967-02-13,2023-03-12,2006-05-05
870,Whitney Cranshaw,1947-10-06,2023-08-26,2003-08-27
871,Dean Playdon,1949-02-25,2013-08-05,2009-04-04
872,Lorenza Denyagin,1962-05-20,2017-04-23,2003-05-18
873,Gavan Whetson,1947-10-26,2022-01-08,2008-08-17
874,Georges Itzakovitz,1971-03-22,2016-11-16,1997-04-28
875,Arv Frankling,1957-05-17,2015-05-02,2005-07-23
876,Bronny Hinckesman,1974-10-03,2018-10-16,1997-07-04
877,Loni Boome,1973-07-09,2014-05-03,2005-04-15
878,Aimee Denslow,1958-11-12,2022-12-23,2002-12-03
879,Elbertine Klehyn,1951-04-13,2015-06-10,1998-11-28
880,Barnard Nehl,1950-11-08,2015-06-21,2007-01-08
881,Nikkie Niezen,1946-03-20,2011-01-06,1999-02-15
882,Zonnya Sherbrook,1961-02-14,2014-07-11,2002-02-03
883,Elyssa Jeandin,1964-11-02,2019-03-30,2000-05-20
884,Cary Dethloff,1949-10-30,2013-08-17,2004-02-07
885,Wolfie Haddinton,1976-05-05,2017-06-16,1998-03-10
886,Winny Firpo,1955-10-28,2014-09-28,2004-01-31
887,Sarene Samuels,1953-12-02,2023-11-18,2006-01-24
888,Dottie Edmonstone,1974-08-07,2020-01-30,2008-06-25
889,Ludwig Pfeffer,1949-06-06,2022-03-10,2002-11-24
890,Jeanelle Olsen,1956-05-23,2011-11-30,2003-10-26
891,Kara-lynn Newing,1974-09-07,2014-12-03,1998-10-02
892,Yalonda Avon,1959-03-03,2017-03-20,2006-10-10
893,Eva Gaskin,1947-10-29,2015-04-07,2003-07-03
894,Odette Masterson,1966-09-04,2022-12-25,2008-04-02
895,Suzi Teresa,1972-02-18,2014-08-16,1999-11-14
896,Meg Twinbourne,1966-08-14,2017-03-12,2006-07-12
897,Jasen Anscombe,1976-10-24,2020-07-02,2002-07-29
898,Adan Eastway,1963-06-22,2017-11-26,2001-10-07
899,Udell Aylin,1964-05-09,2019-06-03,1999-07-24
900,Towny MacTimpany,1965-12-31,2022-08-27,2002-06-16
901,Jerrilyn Sushams,1953-11-04,2022-02-20,2008-06-04
902,Betti Awin,1951-09-04,2014-06-14,2007-11-13
903,Marven Poyner,1973-01-11,2016-05-16,2004-10-12
904,Bealle Wescott,1953-02-11,2012-01-13,1997-06-01
905,Tova Date,1960-01-03,2018-11-11,1996-03-02
906,Ema Rix,1953-11-16,2017-08-04,2002-05-20
907,Bevin Lammiman,1950-08-06,2019-01-13,1999-06-15
908,Sheilah Hofler,1958-01-24,2017-05-14,2008-02-05
909,Fulton Cubitt,1954-01-18,2018-10-08,2008-05-29
910,Dwain Vossing,1953-10-10,2011-12-11,1997-08-29
911,Rasia Rivalland,1950-02-26,2016-07-04,2008-05-19
912,Kasper Siccombe,1948-10-04,2023-08-20,2001-05-19
913,Hilton Voak,1954-04-22,2016-12-20,2006-08-07
914,Daniela Menel,1965-08-28,2019-05-07,2006-12-05
915,Arluene Osband,1968-08-16,2019-09-05,2003-05-27
916,Sadye Chate,1969-08-27,2019-02-16,2000-08-24
917,Carly Sprackling,1947-11-03,2023-03-25,1996-09-06
918,Garvin Carnoghan,1965-09-27,2021-08-27,2000-01-03
919,Cathyleen Ramel,1975-11-03,2020-11-11,1999-08-08
920,Cornell Barents,1971-10-01,2010-12-21,2006-08-11
921,Gwenore Gerding,1952-01-14,2011-11-05,2000-09-29
922,Gretchen Mulryan,1963-11-03,2019-09-03,2001-10-24
923,Leroi Hallagan,1969-05-14,2022-07-31,2002-01-08
924,Veda Koopman,1970-06-11,2013-09-03,2008-06-29
925,Shalom Bartkowiak,1951-09-16,2011-07-16,1999-01-16
926,Philbert Levens,1952-12-01,2021-05-22,2000-05-28
927,Padgett Amott,1956-05-21,2011-07-23,2008-08-09
928,Lutero McGavigan,1956-01-30,2021-05-11,1996-03-18
929,Willy Atger,1966-02-08,2012-03-05,2000-10-10
930,Irma Knight,1975-12-10,2017-08-15,1998-03-01
931,Chico Comrie,1949-02-25,2023-01-31,2007-06-14
932,Reidar Erni,1963-01-08,2014-06-13,2007-05-04
933,Nadiya Pariss,1946-11-27,2012-11-18,2009-08-28
934,Shurwood Marson,1951-12-19,2017-05-29,2008-02-11
935,Reg Birchner,1967-02-20,2021-02-03,2001-05-05
936,Margaretha Coyett,1969-10-07,2022-02-28,2005-11-10
937,Julieta Broscombe,1957-07-24,2012-06-18,2002-07-16
938,Magdalene Mansbridge,1951-04-22,2019-09-24,2003-03-20
939,Allayne Regelous,1953-03-01,2014-03-18,1999-03-27
940,Salomon Landsberg,1973-07-09,2018-12-14,2000-04-29
941,Kirsteni Boulding,1964-11-08,2011-08-30,2005-01-04
942,Claybourne Rubbens,1971-05-12,2011-10-11,2009-03-23
943,Dee Cuttler,1965-01-31,2022-03-30,2006-07-12
944,Cristy Overstall,1962-11-21,2011-03-21,2007-09-18
945,Deeanne Gabbidon,1969-07-17,2021-05-17,1999-03-09
946,Roselle Spawton,1958-10-24,2018-12-22,1996-01-13
947,Cherri Bristoe,1953-02-05,2015-12-16,2009-04-21
948,Brok Bandt,1975-05-18,2017-04-28,2004-02-12
949,Dyann Brugman,1957-10-08,2017-05-29,1996-10-01
950,Arabela FitzAlan,1952-07-18,2013-07-05,2004-11-19
951,Sax Dermott,1960-07-11,2019-06-11,2007-09-14
952,Ham Tomovic,1968-11-10,2015-08-10,2007-09-22
953,Melisse Stennes,1974-11-09,2014-11-24,2006-05-05
954,Darlene Lages,1949-01-23,2018-07-03,1996-08-22
955,Loutitia Hearfield,1967-10-15,2021-10-31,1998-03-21
956,Siouxie Olenichev,1973-09-08,2023-09-14,1997-07-16
957,Delmar Peaden,1975-11-26,2015-09-18,2003-09-02
958,Katerine Ellesmere,1948-12-20,2018-08-30,2001-08-13
959,Oralie Work,1950-05-08,2017-07-18,1999-03-24
960,Stacee Tildesley,1971-06-21,2016-06-22,2001-11-20
961,Maisie Cockran,1957-01-14,2020-08-01,2007-05-31
962,Sherwynd Saintsbury,1964-01-13,2022-10-12,2008-02-09
963,Anthea Fraanchyonok,1973-03-23,2017-12-14,1996-09-13
964,Tillie Malley,1965-11-14,2013-04-05,1997-03-18
965,Madalena Lars,1968-11-01,2015-05-13,1998-07-21
966,Arni Rubertis,1958-02-15,2017-11-27,2008-01-01
967,Gwynne Danit,1953-02-26,2013-02-20,2006-06-23
968,Marni Diggle,1950-05-03,2012-11-01,1997-03-03
969,Daryle Kelsall,1956-11-11,2015-10-07,1999-07-16
970,Lowe Sutworth,1955-12-28,2015-12-10,1998-03-03
971,Cate Bowstead,1976-05-19,2020-08-01,2003-12-14
972,Maribel Falkus,1952-11-02,2019-09-03,2002-06-08
973,Sonja Sancraft,1964-07-19,2013-09-29,2003-10-06
974,Floris Marquand,1965-09-02,2017-01-08,2009-01-15
975,Myrna Boddie,1963-11-10,2011-01-28,2005-07-29
976,Trueman Rivel,1962-08-07,2022-08-25,2008-10-04
977,Kimbell Lindup,1972-11-08,2017-01-30,2001-01-05
978,Ralina Artist,1969-08-12,2020-09-05,2004-02-08
979,Fancie Mingay,1970-12-18,2016-01-29,2003-11-27
980,Dorene Wyleman,1972-07-27,2016-09-21,2006-02-02
981,Tiffie Clapp,1958-09-08,2021-04-27,1996-05-12
982,Jeannette Veracruysse,1955-07-10,2013-01-29,2007-01-24
983,Bunny Napier,1948-03-31,2012-09-02,2004-01-09
984,Barrie Tissell,1962-08-23,2018-10-23,2007-12-21
985,Giorgia Spottiswood,1973-12-27,2018-02-13,2009-07-08
986,Selene Golden,1964-07-01,2013-02-03,1996-10-10
987,Missy Dally,1970-06-18,2021-11-28,1999-12-11
988,Raven Abate,1970-10-13,2014-10-31,2003-09-04
989,Alix Hars,1947-11-15,2012-03-28,2008-03-06
990,Edeline Cowins,1958-08-14,2013-06-21,2005-09-05
991,Maxwell Shewen,1974-09-09,2018-07-13,1999-05-16
992,Jimmy Makiver,1968-02-21,2014-06-21,2007-04-13
993,Ilka Bundy,1974-02-01,2019-06-08,2008-01-27
994,Ross Jurczyk,1951-11-23,2016-03-24,1998-12-19
995,Bertie Divell,1959-12-05,2017-12-12,2005-09-16
996,Nikos Middlemiss,1949-09-09,2011-06-16,2000-01-05
997,Gearard Van der Kruijs,1962-09-11,2012-04-11,1998-09-09
998,Sanders Pach,1962-07-29,2012-07-08,1997-03-12
999,Andrea Buckleigh,1960-01-18,2023-08-24,2006-12-18
1000,Sapphire Giottini,1976-10-12,2022-03-13,2002-01-15
