model,datetime,latitude,longitude
Nissan,2023-06-19 14:07:36,44.421459,43.003708
Chevrolet,2022-01-14 07:16:16,13.513211,122.469352
Dodge,2021-11-08 10:19:09,50.6162099,33.8468153
Maserati,2020-06-23 00:39:00,38.87,-77.23
Ford,2020-11-06 23:45:02,6.88333,124.7
Ford,2020-10-06 00:53:09,41.9720786,-87.7517295
Ford,2022-05-22 10:19:44,26.893368,112.572018
Mazda,2021-04-17 16:41:04,51.626324,39.4129061
Volvo,2020-06-14 09:43:29,7.453578,-72.467236
GMC,2023-04-18 07:36:06,-38.6677187,-72.2244406
GMC,2023-09-11 05:51:24,50.2839339,57.166978
Corbin,2021-09-01 06:42:07,42.3569364,24.1115593
Scion,2023-05-29 21:31:44,59.2416497,14.4338249
Subaru,2019-11-24 21:54:19,35.3517729,139.2972985
Ford,2020-10-11 01:19:22,-15.24381,-70.265129
Honda,2020-07-05 02:52:07,4.6096768,101.1064003
Mercedes-Benz,2019-12-25 17:52:00,53.6232372,27.8996001
Pontiac,2023-04-14 02:48:32,52.2680883,22.5839609
BMW,2021-03-10 07:22:39,-0.8667864,-54.9611836
Volvo,2023-10-18 10:38:52,54.7767925,56.0399438
Scion,2023-06-08 18:18:24,-10.5398609,121.9387783
GMC,2021-05-04 17:05:38,34.620202,112.453926
Mazda,2020-09-03 19:30:53,48.7131111,5.0953327
Jeep,2020-01-13 19:03:24,40.9331541,72.9814877
Hyundai,2022-01-13 07:57:49,57.9642094,12.1438774
Mazda,2020-08-29 07:14:39,41.5590095,82.6211533
Pontiac,2021-11-19 07:19:32,36.809895,116.428916
Kia,2023-11-12 10:39:35,3.102823,101.6781755
Jaguar,2020-04-20 10:57:51,-13.1612425,-74.2152331
Ford,2020-06-20 03:36:19,30.411429,118.390218
Ford,2021-03-04 01:01:04,34.1680953,132.1831963
Volkswagen,2023-01-17 09:54:08,40.5660046,-8.1351741
Dodge,2021-11-18 06:53:41,37.0259658,66.7784206
Lexus,2020-10-25 18:57:31,37.9694565,138.2471977
Buick,2022-05-31 07:30:06,-21.1451492,-49.0000898
GMC,2021-05-17 20:01:42,-23.2140719,-46.8238911
Isuzu,2021-08-23 09:05:03,44.3972703,8.9714623
Chevrolet,2021-05-01 09:58:15,-4.7691623,11.866362
Nissan,2020-01-26 06:07:57,38.7191234,-28.2519314
Buick,2022-08-31 13:17:59,9.9772764,125.2748944
Subaru,2021-04-13 22:04:15,51.84045,39.94134
Mercury,2022-12-10 09:44:50,29.325601,107.760025
Ford,2023-10-07 09:07:20,48.8335842,2.3757659
Mercedes-Benz,2021-12-13 08:35:01,32.13698,35.18595
Chrysler,2020-12-18 21:55:45,38.9587954,-8.755077
Oldsmobile,2021-09-01 13:42:51,15.3657777,-90.4792939
Chrysler,2020-12-29 18:08:49,-7.8480156,112.0178286
Mazda,2022-02-07 02:02:25,26.888665,112.616612
Rolls-Royce,2019-12-01 03:44:57,43.661922,128.500964
Toyota,2020-12-28 04:23:35,-17.4738864,24.2955141
Infiniti,2022-01-20 05:22:46,-24.7869452,-65.4128686
Scion,2023-06-07 22:33:39,28.228209,112.938814
Suzuki,2022-07-27 19:48:04,45.5220648,-122.6757228
Chevrolet,2021-05-12 19:15:53,47.6264367,34.5297956
Volkswagen,2022-08-18 03:20:48,-7.5173045,110.5933862
Ford,2020-10-13 01:38:52,8.5057205,125.9772286
Ford,2020-03-21 16:48:42,46.1016128,47.7243761
Lincoln,2020-08-09 07:49:06,49.4931107,36.8206064
Buick,2021-01-30 07:08:13,25.566959,119.381211
Audi,2021-08-17 20:18:29,30.830898,120.92585
Subaru,2023-06-26 19:06:27,2.7697259,-60.7126625
Suzuki,2020-07-23 18:28:38,46.6488132,16.1355432
Buick,2019-11-25 02:06:33,52.6960785,21.3639876
Volkswagen,2023-10-18 06:04:31,13.6119882,99.6118667
Isuzu,2023-07-23 03:28:04,29.756501,121.507191
Subaru,2021-02-21 15:37:38,18.4529003,105.7644596
Nissan,2021-05-15 18:59:51,-7.2214256,108.2110626
Mitsubishi,2022-06-09 05:36:15,50.7062828,13.9466019
Buick,2021-06-03 08:50:29,46.9428639,4.2998563
Hyundai,2023-05-31 21:35:49,-4.722383,104.447701
Plymouth,2020-12-04 22:42:53,-34.6161437,-58.5238406
Chevrolet,2023-07-22 05:24:31,-34.4786447,-58.5717849
Buick,2021-05-16 20:33:00,-9.6666989,124.3365882
Suzuki,2021-05-11 20:59:24,22.928305,113.207187
Pontiac,2020-01-04 06:37:44,53.1516417,24.4422029
Volkswagen,2021-03-24 01:37:12,14.31865,120.765351
Chevrolet,2021-10-27 22:53:13,-12.3231349,49.2942833
Toyota,2022-03-30 05:15:03,37.30636,90.34176
Nissan,2023-06-02 19:16:10,57.1691059,45.1179687
Volkswagen,2022-03-03 21:04:51,12.8776754,6.4903141
Morgan,2023-11-02 15:40:12,45.3876043,18.8966831
Mazda,2021-01-10 13:59:34,-11.2049412,-39.4035876
BMW,2022-12-25 15:37:53,55.9576019,36.2249059
Suzuki,2020-01-30 16:22:08,50.7592361,17.6835478
Rolls-Royce,2019-11-17 00:12:52,6.0151191,101.951925
Mitsubishi,2020-04-13 15:34:19,6.139428,80.1030014
Pontiac,2021-03-30 14:03:22,-7.8169756,111.9790773
Audi,2022-06-16 00:05:01,-24.4770763,25.8906212
Pontiac,2021-07-30 14:28:06,9.2610914,0.7770529
Porsche,2022-11-30 09:23:05,49.0096906,2.5479245
Aston Martin,2021-01-09 03:23:28,49.988725,20.7001411
Hummer,2021-07-12 20:45:58,51.6248663,20.8139759
Pontiac,2019-11-23 02:58:25,18.1226843,-94.1558553
Mercedes-Benz,2020-06-01 08:31:29,-34.6107923,-58.4654718
Lamborghini,2023-04-16 15:04:24,44.55015,-64.24874
Ford,2022-10-31 05:30:33,-11.691928,-41.4691745
Dodge,2023-02-09 10:17:49,38.9331391,-92.3738037
Dodge,2020-11-22 06:40:04,34.878483,113.277504
Volvo,2020-12-17 09:13:12,28.830236,116.634058
Lincoln,2022-04-10 13:58:57,58.3605655,40.6845699
Audi,2021-03-24 19:50:35,6.83493,158.2987
Hyundai,2020-11-15 00:40:12,16.2850333,95.6799816
Kia,2023-02-25 17:51:23,44.985613,20.1568773
Porsche,2023-02-10 02:22:17,52.6472404,5.0570439
Isuzu,2021-10-25 10:04:05,-51.7308935,-72.4977407
Hyundai,2020-02-23 03:58:42,19.3376878,-99.0591821
Maserati,2020-10-04 21:43:25,54.6680772,25.1126281
Buick,2020-04-06 17:03:48,56.2674828,54.9252541
Daewoo,2022-05-18 21:48:28,51.680591,-9.448724
Saab,2022-01-14 11:40:48,48.3162239,24.9330262
Pontiac,2022-04-11 09:28:56,11.864831,121.878032
Studebaker,2022-02-08 13:07:00,4.817986,-72.280702
Audi,2022-03-14 05:31:54,24.9350844,121.7107613
BMW,2021-08-26 05:09:19,9.5608923,-73.3384471
Ford,2021-04-09 23:23:47,39.2470722,55.5191857
Ford,2022-02-22 10:31:49,-23.5795137,-47.9985512
Nissan,2023-10-20 22:11:55,14.8951679,-24.4945636
Ford,2021-05-20 07:51:35,-3.1914976,140.8872648
Oldsmobile,2022-05-27 06:54:52,53.944,27.7823
Ford,2022-11-29 12:50:28,18.5680048,-73.8896849
Pontiac,2022-06-25 01:19:16,31.236833,121.532286
Lexus,2022-12-17 23:08:04,-6.8264662,106.6400362
Mercedes-Benz,2021-10-30 06:21:53,-34.4786447,-58.5717849
Acura,2020-10-06 08:27:18,-2.4135692,115.2111472
GMC,2022-09-10 00:22:33,52.71892,19.1095093
Volkswagen,2022-11-23 13:42:55,55.847796,37.5643911
Cadillac,2022-10-06 19:43:07,5.4459387,10.0471549
Porsche,2020-09-04 19:26:38,26.079079,113.950153
Nissan,2020-12-20 01:51:54,-6.17017,106.83139
GMC,2022-10-06 02:20:20,42.9895326,131.8411237
Infiniti,2020-08-14 05:30:45,20.5550408,-76.4707684
GMC,2020-09-01 21:24:54,28.2279,118.036796
Lincoln,2023-03-26 10:26:45,49.3909134,30.1988199
Volvo,2022-03-04 09:40:35,50.5416315,13.7594816
Infiniti,2023-07-20 17:42:30,-22.121114,-51.3930254
Ford,2020-11-06 01:11:58,40.6379848,44.2249621
Audi,2022-05-30 01:42:51,34.7683548,134.8305397
Toyota,2022-05-21 17:57:41,50.177791,22.6095389
Mercury,2020-07-19 00:38:43,16.70056,44.41454
Volkswagen,2020-12-28 05:53:33,49.4308079,18.3267612
Infiniti,2023-06-27 08:42:46,31.44415,35.090105
Porsche,2021-11-30 08:06:31,9.329496,125.554433
Jaguar,2023-09-13 09:59:00,-7.45,108.033333
Jaguar,2023-11-03 05:01:08,51.1615558,6.774529
Kia,2020-09-09 17:47:42,10.35,124.8
Pontiac,2020-10-17 03:28:27,-7.4782808,-69.8597406
GMC,2021-06-13 20:11:58,8.688031,-73.666377
Chevrolet,2020-02-17 21:19:49,13.2892111,-86.6548114
Maybach,2022-01-19 23:41:46,26.908404,100.218695
Lexus,2020-11-20 08:25:41,33.5810958,71.4303404
Lexus,2020-10-20 01:03:49,9.4811641,-66.9719947
Mercedes-Benz,2023-11-09 04:21:48,-43.6167,-71.7999999
Volvo,2023-03-24 01:22:00,-23.9561304,-46.3264089
Toyota,2019-12-26 10:03:57,-8.8228841,120.2570421
Ford,2020-04-06 04:31:33,59.9336282,30.6609232
Dodge,2020-05-29 20:10:28,40.115306,113.457407
Daewoo,2023-03-08 14:23:55,25.386379,114.922922
Audi,2022-06-23 05:35:02,31.85074,117.198958
Mazda,2019-11-29 02:19:55,42.741005,123.355701
Land Rover,2022-06-02 00:27:31,53.4698755,35.0963837
Suzuki,2022-09-03 00:34:18,25.606486,100.267638
Mercedes-Benz,2022-09-09 04:14:57,-8.557437,114.0369075
Dodge,2022-11-22 16:38:33,34.1596834,72.2333024
Land Rover,2023-07-01 18:07:10,36.0457187,-115.3133908
Nissan,2021-10-06 22:45:08,27.88157,102.267712
Chevrolet,2021-10-27 09:51:00,50.05998,21.8324138
Mercury,2022-11-20 19:53:15,11.4739808,124.569794
Jaguar,2021-02-12 09:51:31,27.867125,107.503649
Ford,2020-06-25 18:04:32,46.635417,32.616867
Suzuki,2023-02-21 00:54:07,13.9778279,-89.5639119
Plymouth,2021-02-28 14:42:06,38.0491517,24.3217397
Rolls-Royce,2021-06-12 18:12:58,45.299318,42.634626
Buick,2022-12-13 21:39:27,-21.680817,45.1658261
Spyker,2022-02-26 14:40:32,44.4369429,15.076898
Nissan,2022-12-04 13:57:55,18.745638,100.7953911
Mercury,2021-07-28 07:53:39,49.2066705,2.0391896
Mercedes-Benz,2021-01-13 13:36:11,14.563178,121.033482
Infiniti,2021-08-11 13:10:05,14.6531486,-88.8718935
Chevrolet,2020-07-04 01:45:16,-9.7262368,120.3608455
Suzuki,2023-01-11 16:25:36,10.2603809,13.2605763
Toyota,2022-01-18 07:07:28,39.266576,77.597552
Kia,2022-07-06 22:17:45,-8.447079,115.111632
Dodge,2022-08-22 05:54:13,39.664138,-8.5173008
Geo,2022-12-15 07:50:05,31.231546,121.441639
Hyundai,2021-05-09 22:40:07,-12.73574,-72.614288
Ford,2022-01-19 22:41:59,31.1356648,30.1327813
Pontiac,2020-02-16 22:40:39,50.1063169,22.3570583
Ford,2020-02-14 13:38:07,7.1934002,15.2180188
Pontiac,2021-03-02 06:42:59,56.5092219,25.7635891
Lexus,2021-08-05 02:52:48,28.685244,80.621591
Pontiac,2020-05-07 16:52:29,49.70521,6.4828237
Volkswagen,2022-06-29 06:36:07,30.453667,114.872199
Mercury,2021-06-28 13:13:44,-7.0071448,113.2989944
Chevrolet,2023-03-31 11:02:51,49.793263,18.9515077
Mitsubishi,2022-01-04 18:51:25,37.1306168,-7.650062
Mercedes-Benz,2020-08-15 01:13:40,37.2203773,49.3095058
Dodge,2019-11-27 06:54:26,3.5399846,39.0528407
Nissan,2021-06-06 00:29:33,18.5295981,-72.4080605
Cadillac,2022-12-02 00:07:53,25.587519,112.36902
Mercury,2020-06-17 16:16:48,15.18533,43.51122
Suzuki,2022-07-24 09:21:58,-38.0123723,-57.5938573
Mazda,2020-06-30 17:35:35,34.79925,108.580681
Mercedes-Benz,2023-03-27 15:11:13,15.7832452,121.0086436
Volkswagen,2021-07-09 17:08:38,7.2571325,5.2057909
Mercury,2021-05-12 04:38:35,4.6333268,9.4450439
Nissan,2023-02-17 10:37:50,51.8204945,68.3636926
Mercedes-Benz,2022-04-15 11:42:58,-24.7995226,-65.434694
Chevrolet,2020-09-04 12:27:07,55.8431628,13.2986314
Saturn,2020-02-11 02:37:26,27.789796,120.67484
Isuzu,2020-10-05 11:39:34,35.8784374,139.6119289
Chevrolet,2021-06-28 07:47:11,29.741986,106.273576
Mercury,2020-08-23 01:51:21,4.7378613,22.8165095
Kia,2023-10-26 06:50:39,14.632526,121.103
Ford,2023-06-06 01:43:45,33.9230243,-84.3150822
Ford,2022-01-17 14:17:23,61.8628073,29.2775676
Toyota,2021-11-30 17:00:43,31.3694559,-5.7905653
Honda,2021-04-25 20:22:24,-11.6110008,43.2853868
GMC,2022-09-20 23:37:16,5.07028,119.89694
Acura,2022-09-17 14:06:42,43.52639,68.5775
Mercury,2022-12-25 22:16:20,14.914778,-91.444669
Dodge,2020-03-20 11:50:23,57.2749315,103.7420582
Nissan,2021-09-27 15:33:42,-7.3511436,112.7688416
Chevrolet,2021-04-01 22:06:25,17.3378289,121.759491
Infiniti,2020-10-26 21:02:36,47.0203676,-68.1435063
MINI,2023-01-15 13:50:09,53.7558642,19.2045339
Suzuki,2022-11-24 17:45:45,43.7041519,43.3264539
Toyota,2023-03-26 02:58:40,55.4330626,74.9385554
GMC,2022-07-16 14:19:36,9.477773,-84.2662901
Dodge,2022-06-02 09:21:26,51.9784524,14.7217993
Saab,2021-01-08 06:11:43,4.7922388,8.5295341
Morgan,2020-04-09 02:06:58,50.483457,3.003076
Toyota,2023-01-27 01:14:31,38.2792524,111.6631302
Kia,2023-02-26 16:02:21,46.585652,123.915392
Bentley,2022-07-21 12:20:01,62.20907,-6.75247
Ford,2021-06-18 02:30:25,43.4259712,77.0216405
Audi,2023-06-26 03:39:02,63.4251286,-20.2689171
Hyundai,2021-12-23 18:33:20,16.5239803,100.1445851
Chevrolet,2022-05-15 20:12:28,47.9963155,7.8107621
Volkswagen,2023-09-06 06:42:33,40.8727365,-8.4664515
Buick,2020-07-17 13:03:43,35.70915,10.67397
Suzuki,2020-01-02 21:34:06,39.2494876,-9.1668376
Ford,2023-01-18 04:51:05,34.6718873,133.8964708
Volvo,2022-07-08 01:34:54,-17.308611,-48.278112
Ford,2021-01-31 19:59:24,39.5712613,45.9365615
Chevrolet,2021-09-25 16:44:46,23.764143,115.969501
Mercedes-Benz,2022-09-30 15:24:39,48.8480625,2.3300993
Mercedes-Benz,2022-04-27 11:07:04,-6.6906402,-35.5000999
Volkswagen,2020-12-30 10:17:26,27.948308,109.599191
BMW,2023-04-22 04:42:54,-6.3810573,-35.1301043
Ford,2021-12-20 02:15:06,-7.1715356,106.7494367
Lexus,2020-05-18 09:53:58,41.3442157,19.547883
Cadillac,2020-07-29 15:18:13,-32.9589969,-68.8502434
Infiniti,2021-03-14 06:51:07,36.617134,101.778223
Lincoln,2023-08-02 12:07:03,22.948016,113.366904
Pontiac,2023-02-11 01:50:35,-11.81781,-75.62382
Land Rover,2021-09-07 21:56:42,42.3570233,21.755504
Nissan,2023-02-02 17:00:46,53.8638922,34.4574753
Suzuki,2023-05-29 13:32:27,49.6870858,15.9920641
Volkswagen,2022-08-28 06:22:39,39.9592176,44.600243
GMC,2022-01-29 13:47:00,18.1226843,-94.1558553
Mercury,2021-07-13 12:26:41,40.137963,-7.5010773
Pontiac,2021-07-10 14:29:20,-7.4574955,108.8408547
Jaguar,2022-03-25 09:13:00,-6.9158535,111.8151245
Toyota,2021-12-24 06:40:56,38.133032,-85.8963964
Aston Martin,2021-07-15 00:46:29,-26.73333,-60.61667
Lexus,2020-12-18 21:38:42,-22.9087073,-68.1997156
MG,2022-07-17 18:22:24,42.5137414,19.1954375
Pontiac,2022-12-30 23:10:38,48.8865404,2.215722
Saab,2021-03-06 01:08:29,43.4462218,5.2254137
Suzuki,2022-09-26 07:00:34,35.89333,14.39889
Dodge,2021-09-17 03:16:11,52.6201537,4.7406288
BMW,2023-02-20 08:05:31,-5.0077715,12.9608246
Acura,2023-04-11 10:05:30,7.216175,7.5599321
Volkswagen,2021-12-20 18:16:11,40.1211828,-88.2434596
Oldsmobile,2020-06-22 08:37:35,35.4937018,110.3838909
Aptera,2023-01-20 15:28:17,50.91671,-102.80099
Ford,2020-05-12 23:41:58,39.014268,-94.4027782
Dodge,2020-08-01 18:09:27,48.1288628,11.5089621
Dodge,2023-05-04 19:34:06,34.6951012,135.487633
Chrysler,2022-01-27 23:18:11,-31.4603741,-64.1959217
Mercury,2019-12-13 22:21:17,14.5703297,121.1473998
Lexus,2022-11-06 02:03:11,5.5080084,95.8630825
Mercury,2023-10-15 05:47:17,52.856485,18.8133859
Mercury,2020-06-12 20:03:40,56.654278,90.5782439
Mercedes-Benz,2023-03-19 14:02:38,-4.1948081,-40.4760325
Chrysler,2022-12-05 06:07:17,4.8087174,-75.690601
Ford,2020-02-05 16:48:48,-3.8171911,137.3315076
Volkswagen,2021-10-30 02:25:01,14.6423905,120.9575622
Pontiac,2023-01-08 23:27:02,-6.6913037,107.9679983
Pontiac,2022-12-17 18:11:29,-31.3719197,-51.9760381
Acura,2022-06-04 02:55:06,37.3,85.5
Lincoln,2020-03-12 20:56:28,-19.0152673,-57.6594997
Chevrolet,2023-06-24 13:16:40,55.1328637,40.17768
Mitsubishi,2022-08-17 01:18:57,50.5848682,15.4126394
Ford,2021-10-08 00:35:39,50.7576138,14.5555639
Cadillac,2021-11-20 09:40:27,42.8756616,18.4292187
Jaguar,2020-04-13 03:12:15,-6.7152549,111.4246078
Volvo,2020-08-29 04:32:10,-7.1988888,107.5505152
Mazda,2021-07-15 12:14:48,28.97602,120.083358
Kia,2021-09-01 00:18:27,10.9259723,107.4055814
Mitsubishi,2020-11-14 22:22:47,-8.7918,121.5904
Lincoln,2022-03-02 13:52:02,42.7665598,-81.1747498
Mazda,2023-02-11 11:03:29,38.8944448,-8.0208303
Volkswagen,2022-12-12 13:22:19,-6.238218,-36.4797126
Volvo,2022-07-05 09:36:36,13.9448964,-86.8508942
Chevrolet,2023-11-12 11:48:25,22.919769,113.618216
Volkswagen,2020-03-11 02:51:06,-7.0120918,108.3905156
Jeep,2021-07-10 01:21:55,-12.883333,-74.466667
Buick,2021-02-15 15:06:30,41.7396715,-85.9262162
Chevrolet,2022-09-10 06:58:39,34.341574,108.93977
Audi,2023-04-23 15:33:43,-7.0320658,108.4365067
Mazda,2022-01-25 01:58:33,17.1613952,121.5863465
Buick,2021-02-16 20:33:21,-3.5438131,120.9646866
Chevrolet,2021-01-14 12:56:33,31.123586,114.893666
Buick,2020-07-10 22:53:21,36.618719,100.277557
Oldsmobile,2020-03-17 06:17:22,23.4464152,120.2570421
Geo,2020-08-02 00:41:13,50.0932868,22.6333771
Nissan,2023-03-06 23:16:12,53.3656498,34.1098425
BMW,2021-09-10 01:59:19,-34.6761,-58.5404623
Pontiac,2021-01-18 17:14:14,-9.0047392,-35.4124355
Toyota,2019-12-29 01:00:25,46.9755236,30.469358
Ford,2022-04-21 20:50:11,-0.1634664,35.5931397
Dodge,2020-02-24 07:42:18,30.920219,103.620536
Nissan,2023-04-08 13:23:05,7.5292285,125.6879765
Volkswagen,2020-06-14 15:54:10,25.9868744,-80.2153998
Ford,2022-08-02 16:48:22,-24.0416026,-52.3693218
Jeep,2022-06-27 05:55:58,49.8408677,35.3145782
Chrysler,2022-02-10 13:01:43,54.886529,37.1152943
GMC,2022-01-17 06:01:00,-21.4803962,-56.1494143
Pontiac,2020-08-24 22:59:44,13.5218669,120.9617948
Aston Martin,2022-10-09 19:18:08,48.1173081,38.1648822
Ford,2022-07-12 04:37:36,31.298974,120.585289
Ford,2022-03-24 08:48:28,5.2805802,115.2384663
Volvo,2022-07-08 08:22:10,12.0021794,8.5919561
Chrysler,2020-02-17 03:38:00,-23.3711864,-46.7575221
Oldsmobile,2020-08-19 16:11:17,28.01778,115.497793
Chevrolet,2020-07-26 15:56:45,45.7787293,3.0857432
Oldsmobile,2022-03-09 07:10:43,-21.2129007,-159.7823059
Lincoln,2020-06-09 23:56:32,45.5220648,-122.6757228
GMC,2023-02-28 18:15:12,5.9840985,116.0761121
Mercury,2022-02-26 15:58:15,6.3203695,7.4083958
Jaguar,2021-03-13 22:50:45,57.7758077,40.9436341
Chevrolet,2021-05-29 00:49:45,49.0419017,28.4169896
GMC,2021-03-15 17:34:24,30.857151,120.185838
Hyundai,2021-06-07 02:13:39,42.7333428,-87.8255014
Mazda,2022-10-16 18:36:32,27.522725,112.507849
GMC,2021-12-23 16:23:44,44.5140354,41.4352936
Toyota,2023-06-02 07:44:58,46.0759677,18.2320497
Buick,2021-03-10 23:00:51,35.72154,111.350842
Honda,2020-04-15 17:49:39,29.990948,116.659999
Chevrolet,2023-04-18 03:18:12,34.4906784,69.2698737
Audi,2023-07-01 20:35:16,-25.3631459,-49.0801588
Pontiac,2020-08-18 03:54:09,-7.3790406,107.3198424
Dodge,2019-12-22 20:35:31,27.578926,110.040315
Mercedes-Benz,2023-07-09 04:28:28,40.0672874,20.1045229
Chrysler,2020-12-29 14:16:04,19.7206,110.460225
Subaru,2021-05-31 21:58:37,-6.9717,112.8592
Chevrolet,2020-11-01 20:54:01,17.0349138,-61.7853499
Mercury,2020-08-07 10:02:34,33.8752935,-117.5664384
Mazda,2023-05-23 01:35:36,45.0317123,15.9142627
Lincoln,2020-04-16 09:01:21,-32.1543392,-63.471433
Oldsmobile,2019-12-12 19:32:44,39.989944,116.179599
Pontiac,2022-11-06 15:23:43,22.396428,114.109497
Mitsubishi,2020-05-27 14:01:41,43.8345697,87.5861351
Mercury,2020-04-05 14:09:34,11.8711517,125.4280007
Land Rover,2020-04-30 06:47:53,41.0938736,141.3941151
BMW,2023-03-04 09:36:01,-8.38225,114.63643
Dodge,2021-12-28 03:47:03,50.1064489,14.5744479
Ford,2020-08-24 16:57:02,30.964593,120.780294
Lexus,2020-06-11 00:57:13,43.6953508,7.2559678
Volkswagen,2021-09-13 10:51:20,-24.8472072,-56.3530514
Lincoln,2022-02-28 13:55:50,8.2758676,-70.7659102
Lotus,2020-05-17 03:06:01,-7.0065012,112.3784821
Toyota,2023-03-06 17:49:15,-7.7629501,112.7271303
Mercury,2023-10-20 22:22:45,-8.1814,113.6917
Toyota,2020-05-06 15:10:49,41.0875099,-81.6363869
GMC,2023-09-10 13:47:33,34.92357,36.48598
Chevrolet,2021-03-23 20:15:46,32.56,-85
Audi,2020-06-08 00:25:28,41.58806,21.03111
Mitsubishi,2022-11-07 16:08:53,49.1879411,-124.0025429
Isuzu,2020-11-17 06:23:06,-29.8801552,-54.8265622
Jaguar,2020-09-09 17:41:32,56.198791,25.3251951
Lexus,2020-02-04 02:10:22,49.57642,21.86815
Dodge,2022-03-17 05:02:31,7.4201981,125.8214811
Honda,2022-08-16 23:45:24,13.78024,43.86901
Pontiac,2023-08-14 01:37:07,36.7067342,57.4146531
Jaguar,2019-11-17 17:53:56,45.72727,112.35563
Dodge,2020-02-17 10:18:58,37.6351721,22.7288576
Porsche,2022-03-08 21:33:21,-20.6741197,-40.4997382
Mitsubishi,2022-08-07 08:15:07,35.0021932,71.4061876
Pontiac,2022-11-22 07:47:45,24.1539162,56.8648473
Pontiac,2021-02-11 21:33:17,38.809086,112.214443
Land Rover,2020-11-04 06:12:47,52.8996249,28.6709271
Ford,2021-09-20 01:37:07,45.169716,126.959837
Chevrolet,2023-05-24 12:22:56,-6.1583904,106.4288088
Ford,2020-03-15 17:25:02,15.845053,-88.773702
Lincoln,2021-04-14 12:59:38,-11.6551492,-76.5026246
Ford,2021-10-30 17:36:11,49.373049,35.461353
Chevrolet,2022-04-28 21:22:50,-33.7974423,151.2502275
Lexus,2023-02-17 14:21:37,49.6522215,23.486531
Kia,2020-10-30 15:41:07,49.325426,17.1732655
GMC,2020-04-19 10:30:37,12.5092044,-70.0086306
Chrysler,2022-11-08 12:27:11,28.424415,110.1808
Jeep,2020-12-16 09:45:17,11.0181098,124.5298181
Infiniti,2022-10-09 05:44:15,40.6878581,46.3723313
Pontiac,2021-06-26 01:31:38,-17.8938032,-39.6930912
Mitsubishi,2021-03-25 04:25:35,24.265926,116.081656
Dodge,2023-08-03 01:39:16,55.662882,37.5826719
Land Rover,2022-06-01 16:34:42,42.9963758,21.944034
Lexus,2020-04-09 07:21:51,13.439615,-86.7994359
GMC,2020-07-07 02:26:48,8.4007278,-82.4427769
Saab,2023-01-23 05:41:49,37.7157269,-25.4345063
Dodge,2023-09-07 18:34:21,-22.1468812,-51.1376317
Toyota,2022-08-03 15:37:02,35.416734,119.526925
Subaru,2020-05-02 07:40:24,22.585397,113.38492
Ford,2020-02-25 23:51:36,-7.35,-79.033333
Jaguar,2023-08-01 02:41:20,13.7172042,-89.7473837
Volvo,2020-08-22 05:10:05,40.4530275,44.5222246
Studebaker,2021-03-25 13:35:02,60.6304039,16.76232
Buick,2021-01-03 17:35:55,23.9211737,-106.8915948
GMC,2019-12-05 14:32:24,63.503807,53.410931
Honda,2023-01-06 21:58:52,41.7662205,-8.5065208
Mercury,2020-12-11 22:35:54,30.128901,104.627636
Lexus,2023-01-15 16:22:05,3.1852692,-74.9208772
Toyota,2022-03-19 17:12:11,53.6923042,38.1938089
Ford,2021-08-05 02:15:33,14.4588552,121.001601
Dodge,2022-08-06 16:52:42,57.7051896,11.9006932
Kia,2021-02-02 18:30:04,-20.2555875,-42.030947
Toyota,2023-07-06 03:51:09,42.9895326,131.8411237
Ford,2020-06-12 13:35:23,17.791111,121.4761124
Chevrolet,2022-06-27 21:05:04,32.4237461,-104.2655282
Mercedes-Benz,2021-01-02 22:37:18,-8.081766,-78.0883695
Mazda,2022-12-28 19:11:44,56.86018,68.63754
Kia,2022-08-01 06:24:07,66.000926,24.3895975
Ford,2023-09-28 08:33:11,33.9253024,-84.3857442
Ford,2021-05-19 13:40:37,49.5290136,25.5783873
Aston Martin,2020-03-11 21:29:55,25.797931,110.011238
Volvo,2021-02-09 21:05:36,43.5958543,5.1190026
Hummer,2022-05-04 08:25:12,17.0405373,99.0571089
Dodge,2023-06-29 11:08:58,34.718968,110.693663
Isuzu,2022-02-02 00:18:53,35.2121805,71.5249154
Ford,2023-01-26 02:34:50,53.213319,-6.67045
Lexus,2020-07-13 23:08:02,-7.1234674,111.8479156
Honda,2023-08-20 06:18:07,-24.9288708,-53.4392535
Toyota,2022-01-14 19:50:01,40.2980046,43.765332
Ford,2022-09-09 23:02:15,46.8117208,33.4901963
Saturn,2021-07-26 21:36:31,41.076226,113.969618
Lexus,2022-10-12 04:58:44,22.5341348,114.1162219
Chevrolet,2023-07-07 08:20:39,-19.5547969,-44.0871994
Acura,2021-10-18 04:44:07,42.0963895,19.1359789
Bentley,2021-07-18 14:51:01,25.85587,88.35943
Ford,2023-01-30 12:43:03,-3.4816267,-80.2453748
GMC,2021-07-11 12:58:22,36.0667753,139.6749288
Lamborghini,2023-07-31 10:45:04,28.324391,109.336049
Volkswagen,2022-12-15 12:45:06,30.2638032,102.8054753
Saab,2020-07-12 01:51:54,38.5527205,69.0138738
GMC,2023-02-13 00:20:15,59.3405742,18.0667759
Nissan,2022-10-30 03:07:34,12.0806213,-86.0198103
Toyota,2021-09-15 00:27:21,43.899227,-79.273304
BMW,2022-12-21 17:07:41,53.337199,91.9334697
Chevrolet,2021-06-16 03:31:51,59.1866631,17.622548
Dodge,2021-04-27 13:57:31,23.354091,116.681972
Chevrolet,2021-01-10 23:15:55,43.0532801,17.6493431
Mazda,2020-03-02 11:19:21,18.41253,122.133225
Chrysler,2020-01-12 11:35:03,37.444498,114.498761
Bentley,2023-11-08 14:41:51,4.9428987,-76.0285737
Jaguar,2020-12-10 19:35:22,-15.7666707,35.0167866
Mazda,2021-10-30 18:03:08,0.6228224,111.1533456
Volkswagen,2022-05-02 00:42:24,43.42993,83.26077
GMC,2022-02-02 20:47:45,52.2313764,5.9938487
Porsche,2022-01-15 00:13:46,28.706919,117.821005
Oldsmobile,2022-09-02 08:55:49,-4.4606478,-65.6658568
Volvo,2022-07-11 04:28:54,-4.3805365,103.2894368
Oldsmobile,2021-02-02 20:22:31,56.6444907,14.224297
Chevrolet,2022-12-12 03:21:25,6.6148458,-71.1686168
Mercury,2021-10-20 02:36:26,40.766965,114.740557
Isuzu,2020-02-22 10:49:04,43.32472,141.85861
BMW,2020-12-13 15:13:31,14.565396,120.999932
Porsche,2020-08-27 11:57:25,34.0624686,51.4782228
Hyundai,2023-11-05 03:00:18,49.0096906,2.5479245
Mercedes-Benz,2021-09-24 12:31:33,-8.189193,113.6740257
Lamborghini,2022-05-08 20:52:54,-28.2750175,-49.1676177
Ford,2023-07-29 03:08:55,46.259991,14.367531
Jaguar,2023-06-15 10:23:51,31.196079,107.511843
Pontiac,2023-09-10 18:39:25,59.3618675,17.9791475
Audi,2020-07-26 22:44:56,10.668154,125.042795
BMW,2023-03-26 01:32:33,-24.4748345,-49.8956943
Saab,2021-04-15 09:22:22,-10.2674627,123.5336078
Toyota,2021-02-03 01:14:03,35.1148773,33.1435877
Pontiac,2023-07-15 18:16:15,13.0968511,-59.6144819
Suzuki,2021-02-27 18:52:52,-43.6337764,171.6468521
Oldsmobile,2022-08-09 13:34:39,28.03825,120.892196
GMC,2022-08-01 04:12:09,37.933843,106.337072
Chevrolet,2022-04-24 16:01:31,34.954134,108.320121
Plymouth,2022-04-04 20:12:10,51.5006286,19.0170774
Mazda,2021-01-27 06:32:22,9.85914,98.5940814
Land Rover,2022-08-01 04:28:10,28.845626,104.969882
Volkswagen,2022-06-04 20:28:45,32.200197,118.41697
Mercedes-Benz,2022-03-25 09:54:39,34.31028,108.975658
Hyundai,2021-01-09 21:08:11,-7.6609976,112.8968078
Dodge,2022-09-04 00:43:02,21.857958,111.982232
Toyota,2023-01-07 00:35:35,38.9187037,-76.9611991
Infiniti,2021-04-16 16:48:21,-8.2791,112.9733
Subaru,2023-07-25 08:59:18,60.6847164,25.8332761
Infiniti,2021-11-28 07:37:30,10.528943,-85.25482
Audi,2023-03-06 22:41:33,-6.9039936,112.1717105
BMW,2023-10-13 23:52:11,-8.3724396,123.4887939
Chevrolet,2022-10-14 09:23:13,51.569012,21.376182
Honda,2021-09-17 20:37:26,24.9936281,121.3009798
Mitsubishi,2022-07-08 21:03:44,43.3667218,-72.3412362
Chevrolet,2021-09-20 11:28:31,-9.0104992,-42.6920906
Mazda,2021-10-01 07:58:56,-2.7201714,115.2719048
Aston Martin,2020-10-23 10:01:49,26.272008,118.882455
Suzuki,2019-12-17 22:37:03,22.4217587,89.0445636
Eagle,2023-02-14 14:50:13,49.5904912,19.710237
Chevrolet,2023-10-31 18:06:27,47.545979,19.0375319
Ford,2022-09-17 12:28:54,8.5087615,-74.7571147
Audi,2022-01-22 21:08:56,51.3098574,18.3275179
BMW,2021-03-11 19:35:27,23.027054,113.111203
Audi,2022-11-25 00:03:39,6.5346309,5.1601499
Mazda,2021-04-07 13:01:49,53.5313317,43.6704377
Isuzu,2023-06-16 01:00:46,41.3525,79.46861
Nissan,2021-08-03 18:19:21,-7.355927,110.6422198
Hyundai,2023-10-10 09:18:12,36.761028,22.563999
Mitsubishi,2023-08-15 14:57:15,30.619516,110.400306
Oldsmobile,2021-08-22 18:38:24,-42.7556675,-65.0598718
Chevrolet,2022-07-16 12:34:55,14.2549626,33.000095
Pontiac,2021-08-07 21:36:10,31.699849,121.016122
Audi,2020-07-17 11:44:32,59.6322811,16.5613311
Nissan,2022-04-05 03:40:10,60.429728,15.508083
Ford,2020-01-12 10:13:50,35.878762,14.439284
Suzuki,2021-04-15 05:48:52,9.8996343,124.2844697
Acura,2023-07-11 06:38:06,7.4854917,122.3399664
Chevrolet,2023-03-04 00:49:09,36.077544,120.008307
Chevrolet,2019-12-30 00:42:15,50.3539017,14.4817813
Honda,2022-11-21 07:01:33,-11.6110008,43.2853868
Chevrolet,2023-06-09 08:49:20,51.400458,86.02293
Ford,2021-01-11 13:07:56,17.9092223,102.220463
Toyota,2019-12-31 03:16:34,39.7825,116.3877778
Mitsubishi,2023-01-03 10:26:42,-23.0886496,-47.2089525
Mazda,2022-12-21 08:51:13,14.1762086,-90.2625604
Lotus,2020-11-22 11:30:20,12.0021794,8.5919561
Dodge,2020-10-29 04:18:33,41.2378592,-8.5349198
Mercedes-Benz,2023-08-09 18:48:52,35.1654999,45.9896078
Honda,2021-01-04 14:43:56,6.1462401,6.8297403
Chrysler,2023-05-29 07:31:45,8.0388983,-72.2541441
Toyota,2021-12-08 21:59:49,51.35249,21.12877
GMC,2021-08-28 03:03:40,59.9358091,30.3126222
Suzuki,2021-12-15 15:12:40,45.470831,-73.7747742
Dodge,2021-12-25 20:42:25,30.509648,113.084237
Volkswagen,2023-02-23 11:14:25,28.46763,119.922796
Mercury,2021-01-29 12:06:51,54.2407853,86.2093804
Mazda,2020-07-03 15:47:09,54.503177,52.78207
Mercury,2021-01-23 17:16:29,29.9305879,-95.5984925
Audi,2020-04-19 19:33:32,-9.6447416,124.779603
Honda,2020-11-21 22:07:27,55.7,37.75
Chevrolet,2022-02-02 20:40:35,-6.7944214,110.7867474
Kia,2022-01-28 21:00:11,35.6966721,139.4324693
Chevrolet,2021-01-08 03:37:00,13.7032564,44.7334536
Mitsubishi,2022-01-01 22:01:23,29.5530941,118.9353968
Chevrolet,2023-03-19 02:55:46,34.6882288,32.9550349
BMW,2023-02-20 05:03:10,39.437477,115.496651
Chrysler,2022-06-04 16:56:21,33.917649,106.309127
Pontiac,2022-05-23 07:19:21,30.233195,121.329456
Aston Martin,2022-12-14 01:24:59,59.3465821,26.365315
Plymouth,2022-03-06 04:00:55,-34.8435213,-58.6516777
Dodge,2020-06-09 12:08:58,35.991705,36.3938121
Pontiac,2020-05-03 21:06:26,13.631,123.193
Infiniti,2020-07-01 14:06:51,11.5484585,8.8583309
Suzuki,2021-09-15 03:22:05,-7.1845289,111.5572638
Toyota,2021-06-17 04:51:42,58.591557,125.430748
Bentley,2021-06-20 08:14:09,6.6683194,124.7082395
Land Rover,2022-02-13 21:05:09,-8.2116007,-35.5677787
Maserati,2023-10-16 09:09:10,49.0993758,-1.0793373
Toyota,2023-08-09 04:31:31,10.5729257,-69.7078423
Chevrolet,2021-09-05 20:09:07,23.597098,112.804754
Mazda,2022-12-21 18:46:39,53.4116818,58.9860021
Mercedes-Benz,2020-03-20 23:08:31,56.2507818,12.9929582
Honda,2023-05-21 22:55:10,50.9621585,35.690669
Chevrolet,2020-05-01 15:30:56,33.2192688,112.5282043
Subaru,2021-03-21 17:35:22,-10.0569,124.1295
Buick,2020-08-29 20:31:45,14.5625862,121.0311185
BMW,2020-05-01 22:25:55,14.7147473,100.4358552
Buick,2022-11-22 19:01:42,-23.7130018,-46.4140801
Mercedes-Benz,2022-07-28 23:35:56,42.3273306,20.7226764
Chevrolet,2020-01-18 06:58:04,0.5471811,-76.1319953
Ford,2021-04-27 06:27:57,-7.1030309,112.1579249
Audi,2022-04-08 05:23:00,18.3653596,-76.8922729
Volkswagen,2022-02-24 06:05:51,55.1604671,49.1738671
Lincoln,2023-06-16 17:59:32,19.3803931,-99.1476908
Mercedes-Benz,2022-08-31 07:35:09,41.3199734,-7.9720237
Mazda,2021-03-04 06:12:56,-12.8955513,-38.6779363
Daewoo,2021-04-10 19:46:33,-13.1340453,38.9981052
Mercury,2021-06-12 10:36:54,44.691336,129.696957
Nissan,2022-11-08 04:56:18,37.5940751,68.5962593
Suzuki,2021-03-14 08:23:05,29.233463,119.902455
Nissan,2022-07-17 04:36:49,49.3893564,20.1858091
GMC,2022-11-17 09:00:15,44.7800716,44.1646857
Chevrolet,2023-06-16 03:10:53,22.4423218,114.1655064
GMC,2023-08-29 08:08:21,39.1586587,-7.99645
Maserati,2020-11-12 10:28:08,1.05,118.8
Mazda,2022-02-11 01:50:42,-18.8200534,49.0652963
Nissan,2022-07-21 01:54:37,10.097212,-83.504629
Bentley,2022-11-14 00:11:25,56.029768,12.8179315
Pontiac,2021-02-25 15:33:59,-3.7127631,-43.8673222
Chevrolet,2020-10-14 12:06:19,8.1620514,-12.4351923
Subaru,2022-11-08 13:39:47,-9.3483845,-77.1708039
Honda,2021-08-10 16:08:43,5.1088508,97.5788975
Dodge,2023-01-23 20:40:12,55.4928171,45.6316463
Honda,2022-02-26 13:07:58,-24.2449065,-65.2605303
GMC,2020-10-02 02:10:56,45.0934491,-73.9764283
Ford,2020-05-12 09:51:38,-7.4400668,108.6561601
Cadillac,2021-09-14 06:09:24,-8.7678593,160.6960306
Scion,2022-04-03 16:17:58,59.262542,17.978333
Chrysler,2022-03-12 15:27:16,46.0523136,17.2018057
Honda,2022-10-01 06:08:51,32.1620768,118.7298193
Honda,2021-11-16 19:07:44,39.7032415,67.1060353
Chevrolet,2021-03-09 15:48:39,26.12829,102.45004
Mazda,2021-12-26 07:46:32,36.675439,140.6715934
Scion,2020-12-18 01:42:51,52.1513886,4.4982869
Mercury,2022-05-16 13:21:51,44.1012172,3.0792713
GMC,2023-08-28 21:12:26,58.4078726,51.1841486
Volvo,2023-05-01 21:07:47,1.3566345,172.9299068
Mitsubishi,2023-02-21 08:31:22,35.001453,99.262763
Dodge,2021-09-13 01:03:36,48.8706152,2.2289339
Volkswagen,2021-03-07 15:43:07,9.7997051,118.7564541
Buick,2022-11-13 01:07:22,49.5098047,17.4772489
Land Rover,2020-02-13 07:14:28,51.4700683,16.6142027
Kia,2021-03-01 13:19:36,29.623319,100.222137
Mercury,2021-09-19 20:33:37,47.6252225,0.277316
Merkur,2020-01-20 23:48:18,24.111841,112.910406
Dodge,2021-02-27 11:04:34,41.5335463,47.4238117
Chevrolet,2023-03-22 07:17:14,-15.8142935,-42.227378
Cadillac,2021-01-28 12:34:07,-14.35266,-70.094963
Ford,2022-05-06 00:24:54,35.8886106,140.0636977
Honda,2022-06-02 13:45:55,-18.1969907,-69.5597273
Suzuki,2020-12-09 07:47:10,13.3198572,-87.1622344
Chevrolet,2020-09-20 12:22:10,58.5023638,13.1702373
Mercedes-Benz,2022-10-22 09:04:16,38.552678,-90.3795438
Volkswagen,2023-06-12 13:36:12,-10.33899,-77.16943
Chrysler,2022-03-31 03:06:34,53.0319419,18.9576575
Acura,2023-10-22 00:59:58,45.850714,4.7852819
Plymouth,2020-06-11 03:37:37,32.7830575,-79.9365839
Bentley,2022-02-11 21:14:01,3.2359747,98.6875659
Chevrolet,2021-09-05 04:37:34,27.141681,105.613174
Audi,2021-05-06 22:18:08,10.108752,123.2710674
Pontiac,2023-07-05 16:32:05,-6.6572023,106.7057733
Ford,2022-03-22 14:03:50,40.882377,122.685217
Hyundai,2020-10-27 02:42:26,14.8866729,120.8678329
Nissan,2022-05-25 08:32:06,5.0153677,-9.0377612
Plymouth,2020-02-11 21:30:43,39.75,-75.55
Volvo,2020-07-30 07:58:56,-14.2171388,-71.4314206
Mercedes-Benz,2021-12-29 14:45:02,53.3177535,-6.2324705
Toyota,2019-11-19 17:25:18,-26.5380045,-57.0421483
Ford,2019-11-14 23:49:49,-10.1670956,123.5787505
Volkswagen,2020-09-04 17:37:29,35.1684393,138.6660042
Ford,2023-09-14 22:33:32,5.695633,-76.649812
Toyota,2022-02-04 09:00:57,11.992373,119.853171
Pontiac,2022-07-01 22:24:12,27.88157,102.267712
Ferrari,2019-11-17 08:52:57,-7.316501,112.4455374
Chevrolet,2021-09-21 13:59:43,14.7634494,49.6044141
Audi,2023-07-07 14:09:28,46.6693059,5.5466073
Audi,2021-03-18 04:50:28,35.2392644,128.655374
Mercedes-Benz,2023-06-15 02:04:06,61.9639779,129.9131287
Mitsubishi,2021-11-03 07:05:33,-7.3000408,108.3682641
Chevrolet,2020-03-25 09:12:34,30.044835,112.071813
Suzuki,2022-06-28 20:49:13,23.534915,115.420204
Saturn,2021-05-15 19:26:21,30.2427011,120.1502699
Mitsubishi,2020-04-06 09:16:46,-7.114172,107.446012
CitroÃ«n,2020-07-13 16:15:37,52.3824851,13.3993839
Cadillac,2023-01-28 15:45:05,41.3193419,-8.2091148
Lotus,2023-06-05 11:31:38,44.9829,128.720857
Volkswagen,2022-03-05 02:54:14,26.05547,119.239406
Chevrolet,2021-09-17 23:27:29,20.7156807,-77.9938497
Pontiac,2022-03-22 18:32:40,31.18248,35.69999
Pontiac,2023-02-10 11:36:12,49.7931487,18.3760739
Cadillac,2023-10-15 03:08:41,30.368126,102.814531
Ford,2023-01-05 16:43:14,38.7993886,-9.3855593
Toyota,2021-10-16 16:11:07,23.69781,120.960515
Mercedes-Benz,2022-09-19 06:34:01,-7.811056,108.438797
Volkswagen,2020-11-17 14:53:26,53.4334331,32.4706123
Acura,2020-08-16 08:05:31,-25.6801783,-53.5419225
Pontiac,2020-04-14 05:08:10,21.31,-157.86
Audi,2022-04-06 23:23:03,50.3411289,16.0079822
GMC,2023-10-12 05:14:51,42.34,-71.05
Aston Martin,2021-12-16 09:47:11,49.5508417,23.1084348
Bentley,2020-09-06 06:37:44,40.2715286,44.633383
BMW,2020-04-17 10:40:59,13.6954096,100.5127381
Chevrolet,2023-01-23 09:15:12,54.5940619,-5.9308088
Honda,2022-11-18 17:37:40,28.201091,120.39409
Lexus,2020-05-22 15:17:09,-27.5948698,-48.5482195
Porsche,2019-12-19 14:01:49,41.0121335,-8.304667
Ram,2023-03-31 09:26:45,43.1697579,45.3686414
Pontiac,2020-06-29 14:10:05,47.5,96.2
Mazda,2020-11-07 19:53:51,11.3535316,162.3442197
GMC,2021-09-12 20:19:23,27.44587,118.679751
Nissan,2023-05-24 03:25:14,-6.4288646,106.9240554
Land Rover,2023-07-13 20:24:52,-12.8528438,-38.3271112
Mercury,2022-03-30 09:08:00,53.1905954,107.3306835
Infiniti,2021-06-01 16:36:29,22.7686569,-81.0174917
Chevrolet,2023-04-11 20:40:55,31.2303904,121.4737021
Volkswagen,2020-03-06 08:45:30,-12.5477492,-40.2271243
Subaru,2022-01-27 11:17:04,49.9293234,14.3013689
Kia,2023-07-24 20:34:55,-6.6998601,111.0967118
Dodge,2021-08-14 23:08:55,13.3793771,-88.3506468
Audi,2022-04-12 09:37:29,38.796598,-9.1453137
Kia,2023-05-14 16:16:24,-7.3697672,112.5125893
Chevrolet,2020-11-25 09:54:38,13.2409585,123.7750159
Isuzu,2022-06-26 09:53:12,44.4466286,18.6510559
Mercedes-Benz,2023-06-16 04:45:37,29.1082924,119.6364468
BMW,2022-03-22 15:12:48,48.9097908,2.7104352
Pontiac,2022-08-15 12:27:33,-19.9433029,-44.3413836
Subaru,2023-10-28 07:06:48,54.1649073,37.5852425
Mitsubishi,2023-08-20 11:57:51,-19.4545276,-44.2515505
Hyundai,2021-03-21 22:42:19,-27.5571934,-53.9759139
Audi,2021-07-31 12:53:51,-0.8922447,119.8504075
Hyundai,2022-09-12 09:10:11,35.0695474,136.7835269
BMW,2022-08-25 02:41:56,5.759368,-73.91453
Chevrolet,2022-07-02 00:51:37,55.6768397,12.5987652
Ford,2023-07-29 02:34:46,16.706523,-62.215738
Audi,2022-08-30 08:23:20,18.2726824,-70.2297697
Toyota,2021-01-23 11:50:39,48.6563441,6.1856748
GMC,2023-01-11 04:37:32,31.215291,118.931012
Volkswagen,2021-03-16 10:26:15,6.9304836,124.8918574
Pontiac,2021-08-27 09:30:00,30.3352,111.566008
Mercedes-Benz,2020-12-09 00:00:17,53.6836301,88.0813924
BMW,2021-10-03 18:30:01,-7.0986081,113.5996336
Ford,2023-05-05 18:55:42,56.6773409,96.0790961
Jeep,2020-02-15 17:37:15,43.4945737,5.8978018
Saturn,2021-09-22 06:20:14,52.1929515,56.5806021
Mazda,2022-09-23 03:16:45,22.386514,57.5249708
Mercury,2020-05-06 22:51:32,-8.0360078,-34.9319998
Dodge,2023-05-05 07:00:26,38.6037983,-9.1672878
Mitsubishi,2022-03-29 16:41:33,10.29041,-67.6274785
Volkswagen,2023-10-13 22:14:43,18.459998,-69.924643
Chevrolet,2019-12-15 19:43:57,53.488087,-10.022186
Infiniti,2020-01-23 15:55:40,-8.081766,-78.0883695
Toyota,2021-07-21 04:45:18,-0.4978509,117.1448579
Honda,2023-04-08 09:17:48,-7.3251485,108.3607464
Lexus,2023-10-31 04:55:34,30.334768,106.93038
Nissan,2023-03-10 08:08:19,61.4559668,23.7382315
Chevrolet,2020-07-18 11:10:19,46.64635,131.158416
Spyker,2023-01-28 11:26:55,25.015105,102.743811
Honda,2021-12-30 14:47:33,29.8483192,31.3368529
Lincoln,2021-04-18 13:03:45,24.923028,115.310042
Nissan,2021-04-07 21:05:25,4.8271607,-75.6499025
Mercury,2020-10-13 04:50:53,14.4066158,120.942358
Audi,2022-06-02 22:44:17,51.5116933,-0.0829051
Chevrolet,2021-06-08 03:38:40,33.8430437,44.5219358
Mazda,2023-10-08 17:58:27,41.707342,-8.3509957
Toyota,2020-01-23 09:58:37,50.1597603,12.6506735
Honda,2023-08-28 04:13:16,40.1014047,44.3906123
Geo,2021-02-09 04:46:30,30.939169,100.311368
Chevrolet,2021-03-04 00:05:51,23.021478,113.121435
Cadillac,2023-10-17 16:50:56,-6.6026644,110.8095565
Volvo,2021-09-16 12:27:31,9.5138582,123.1654018
Pontiac,2020-07-25 12:05:02,29.988244,120.582633
Dodge,2020-07-13 13:18:35,40.1442308,45.2711048
Plymouth,2020-04-02 15:38:43,22.9221592,-82.6861446
Volkswagen,2020-07-02 13:31:49,52.1087493,20.6266832
Mercedes-Benz,2023-07-02 15:04:37,14.6087807,121.0334173
Volkswagen,2023-04-11 06:35:33,58.4005878,13.7982616
Mazda,2023-01-23 10:25:31,41.4832512,-8.39514
Dodge,2021-11-18 17:58:43,48.830394,2.2372823
Mitsubishi,2023-03-23 18:31:06,25.282208,111.410194
Mercedes-Benz,2020-02-19 07:56:01,56.1085807,44.4955531
Pontiac,2023-02-02 16:13:02,-7.348959,108.3712309
McLaren,2020-02-25 10:39:45,28.249827,91.767413
Porsche,2023-04-04 16:52:40,-7.0655878,113.7037797
Maserati,2019-12-28 11:35:37,21.8756188,-102.2848729
Eagle,2019-12-13 07:59:12,53.86668,50.28319
Infiniti,2023-03-13 17:42:31,26.168922,118.188043
Lexus,2023-05-18 10:47:32,59.8037463,30.6044813
Toyota,2021-07-01 14:30:35,29.270311,88.880492
GMC,2021-12-27 18:45:01,-0.5388381,37.4596409
Chevrolet,2021-03-23 07:02:22,56.3448609,25.5603229
Rolls-Royce,2022-11-14 16:03:02,29.9601879,-95.5587992
Chevrolet,2021-05-04 21:12:27,-5.1841285,-37.3477805
Nissan,2021-09-14 17:47:52,23.177772,112.294107
BMW,2019-12-28 13:17:12,14.0804623,-90.3793599
Oldsmobile,2021-08-11 08:27:13,-10.5224941,-36.6525696
GMC,2021-05-24 10:49:51,45.3293893,20.8278865
Daihatsu,2019-12-10 23:33:36,31.2144668,121.4890556
Chevrolet,2021-03-15 01:17:19,31.463475,120.649341
Ford,2020-03-28 03:15:00,17.4488071,120.6213064
Toyota,2022-07-11 10:22:31,-14.2795685,-170.6923312
Toyota,2023-01-07 07:06:11,27.9424688,48.6614478
Chevrolet,2021-08-10 22:23:16,66.7207235,27.3186065
Mitsubishi,2021-03-02 23:54:05,51.6406279,15.0625181
BMW,2020-02-05 22:39:01,-34.7849517,-58.3848648
GMC,2022-01-30 17:52:25,55.0099537,39.0764494
Pontiac,2020-06-20 05:51:45,43.9071313,125.3462629
Suzuki,2021-10-04 22:15:17,15.3098074,120.8551691
Volkswagen,2021-11-30 23:31:04,29.0654415,120.2512222
Oldsmobile,2021-12-13 18:16:59,23.1639193,113.3423334
Land Rover,2021-12-22 10:27:09,34.329605,108.708991
Mazda,2023-05-19 19:28:06,53.3122864,-6.336393
Dodge,2021-06-25 09:18:54,-7.340531,112.7077638
Lincoln,2022-06-30 08:21:19,10.584981,-62.3037176
Hyundai,2020-08-02 04:59:41,46.8318267,29.4620887
Pontiac,2023-10-28 02:21:01,59.3573881,17.7347802
GMC,2022-11-28 09:28:17,-6.5930581,105.977608
Chevrolet,2021-05-18 10:51:04,39.928353,116.416357
Mercedes-Benz,2022-11-27 15:09:30,7.1796355,-2.1008486
Chevrolet,2023-05-28 14:14:09,7.6395498,4.7588042
Hyundai,2022-10-12 03:55:11,32.8279425,13.3818345
Volvo,2023-11-07 10:54:01,40.8253148,-8.4661017
Honda,2020-08-23 02:00:17,31.839084,106.763842
Ford,2023-11-03 12:18:40,41.021678,19.822316
Buick,2022-10-26 00:22:42,48.9095,25.33926
Pontiac,2022-01-09 17:37:54,42.9228102,17.1657568
Lincoln,2021-01-31 11:52:39,10.4451778,9.2446093
Mazda,2022-08-11 08:50:01,59.3138173,14.4937714
BMW,2022-07-05 07:36:42,55.7213148,37.6243984
Honda,2020-05-27 08:43:54,-7.7090989,109.6922026
Oldsmobile,2020-10-06 22:09:27,27.775888,108.114202
Plymouth,2022-05-28 18:12:53,14.5792342,120.9965883
Ford,2021-05-19 21:35:10,45.6243985,-62.002631
GMC,2020-04-12 06:11:14,33.8431758,130.4835307
Subaru,2022-12-19 02:59:48,43.1520105,126.4371385
Dodge,2021-03-22 20:45:55,-7.4951399,107.532764
Nissan,2020-12-14 01:02:42,9.2610401,125.9638162
GMC,2022-01-02 04:30:01,8.0740824,-69.3041431
Toyota,2023-06-15 21:14:27,34.9556581,135.272163
Nissan,2023-07-26 12:09:37,54.4915943,60.7871278
Kia,2021-04-13 19:14:42,31.851182,35.200835
Chevrolet,2023-06-01 18:57:12,25.419319,118.993885
Volkswagen,2021-02-13 02:57:01,49.4660029,1.0736574
Lexus,2020-05-28 02:22:15,41.6460816,42.3111341
Chevrolet,2020-09-10 23:58:36,56.86018,68.63754
Ford,2021-03-22 09:45:28,13.5074239,120.9274735
Plymouth,2021-09-10 03:13:43,41.777702,84.252156
Volkswagen,2021-08-29 13:34:48,-0.2488358,35.7323709
Suzuki,2023-02-21 01:31:29,41.2783338,-8.4553816
Dodge,2021-02-20 08:36:27,37.9298588,23.7692328
Maybach,2020-10-26 00:32:40,36.1069958,-79.8522564
Dodge,2020-11-18 21:35:19,44.8184554,20.4643411
Porsche,2020-12-17 17:17:31,54.0026343,-6.4202878
Volvo,2021-11-13 17:37:35,37.8457328,139.2342041
Mazda,2022-02-28 23:20:01,36.2469586,138.8138456
Toyota,2022-03-21 02:35:01,57.6055534,12.2028691
Bentley,2022-08-30 14:15:04,-24.1973637,-65.2994788
Ford,2021-05-21 05:15:10,23.790902,114.946019
Land Rover,2022-01-22 04:22:55,26.885704,120.005147
Cadillac,2023-11-07 05:54:21,37.429832,110.88907
Nissan,2021-04-05 16:01:43,-21.1877747,-41.8799408
Chevrolet,2023-05-31 08:56:49,53.923995,37.9565339
Ford,2022-12-13 21:00:27,-7.2578991,107.8632023
Toyota,2023-07-22 11:13:32,19.543278,110.797759
Lexus,2021-05-14 14:51:22,-2.9760007,118.9295737
Buick,2022-05-03 09:58:07,29.00431,111.742951
Chevrolet,2022-09-17 19:18:28,-12.94844,-72.667999
Infiniti,2020-10-22 01:40:28,11.171783,-70.620384
Kia,2022-03-02 04:43:26,22.5346419,114.1237079
Mitsubishi,2020-08-03 22:13:33,40.450839,44.600998
Dodge,2021-03-09 21:45:49,49.8279218,22.3924149
Pontiac,2021-10-06 13:06:36,31.231121,121.466039
Chevrolet,2020-07-19 09:37:02,14.1526544,120.8612609
GMC,2021-06-21 02:43:49,-6.7076379,111.3709499
Isuzu,2021-09-27 22:18:32,34.477861,110.084789
Volkswagen,2023-04-12 06:19:38,33.8580586,130.7620202
Dodge,2022-12-10 06:13:10,17.67967,120.35883
Mazda,2021-08-14 23:29:20,24.914102,118.604038
Lincoln,2022-10-07 22:59:37,32.497877,119.975728
Ferrari,2021-04-09 14:55:39,47.2320539,39.5359498
Nissan,2023-05-31 21:34:50,34.954857,109.299475
Chevrolet,2023-04-19 21:08:58,53.8017532,30.953397
Toyota,2022-10-18 05:00:18,32.470376,35.356811
Dodge,2020-10-25 07:01:57,-14.29034,-178.16551
Chevrolet,2021-01-21 01:07:17,19.4392516,-99.1636051
Chevrolet,2022-07-25 17:01:18,40.5982816,-8.643537
Chevrolet,2023-08-17 08:06:58,37.0422371,22.1141264
Buick,2020-10-20 23:59:35,5.329576,103.1369108
Mazda,2022-02-18 17:04:20,22.7694444,113.6216667
Infiniti,2019-12-09 21:43:23,11.3008218,124.6904308
Volkswagen,2023-04-09 06:43:36,41.3595963,-8.3726599
Jeep,2021-09-15 17:57:31,50.2837307,2.7425682
Ford,2020-10-24 19:05:30,-5.5844754,105.4771084
Pontiac,2022-03-27 21:48:49,54.3352057,101.503572
Pontiac,2020-04-11 05:42:11,45.4718665,-76.6841393
Oldsmobile,2021-04-30 12:52:26,60.4783655,15.3710047
Chevrolet,2020-01-23 20:58:32,-14.2581428,-39.3932232
Cadillac,2020-08-15 12:09:15,49.2176397,17.6970599
Acura,2020-11-18 09:09:58,-20.5362627,47.2459749
Volkswagen,2022-03-06 14:50:54,52.2680883,22.5839609
Pontiac,2019-12-13 22:10:20,54.0498,21.1458001
Honda,2020-03-26 11:53:19,59.3268743,18.2566877
Ford,2022-11-21 16:20:40,10.6365464,124.9386692
Ford,2021-05-05 15:40:45,15.429396,100.0501736
Honda,2022-09-03 06:14:35,47.1036608,0.3010983
Mercury,2019-12-22 10:20:10,35.21,-80.69
Toyota,2021-07-26 03:06:08,57.3709349,25.032427
Volvo,2023-03-16 03:53:19,43.8317876,4.3686291
Chevrolet,2023-02-03 16:41:33,41.0394198,-8.5359207
Aston Martin,2023-11-01 13:34:08,49.2088023,39.5896987
Chevrolet,2023-01-21 11:07:06,22.720974,114.246899
Toyota,2022-03-31 10:28:06,49.243003,2.510652
BMW,2020-05-17 08:27:47,-6.9775856,110.5424021
Volvo,2023-05-08 08:15:03,-21.7567077,-48.8323618
Maserati,2022-05-06 12:22:56,10.55696,123.1475
Scion,2021-08-20 16:34:03,46.793235,85.728328
Suzuki,2020-05-19 08:05:41,48.0951271,114.5356247
Toyota,2020-08-30 05:26:40,56.7653841,60.665967
Mazda,2020-11-27 02:31:08,36.2109406,49.1929609
Acura,2020-08-12 08:34:27,13.5497754,100.2740821
GMC,2022-12-14 10:47:57,56.67925,12.9321834
GMC,2023-05-21 21:42:57,51.2409432,33.2050521
Buick,2020-01-12 10:27:09,50.0436913,19.0921373
Dodge,2023-01-22 09:05:31,55.1393981,54.6406219
Mercedes-Benz,2023-03-30 20:21:14,-8.2331212,115.0406679
Pontiac,2023-04-11 22:58:24,-7.590458,109.1077389
Mazda,2020-06-12 17:59:39,0.9073068,123.2559847
Chevrolet,2023-03-29 13:07:21,-9.8798746,124.6358702
Audi,2021-05-29 05:32:10,6.942106,125.141496
Pontiac,2023-10-25 20:28:44,-7.4727879,109.0274877
BMW,2023-05-08 12:19:25,50.1559065,3.2571934
Nissan,2023-04-20 15:38:19,-2.2875948,139.6044141
Aston Martin,2020-06-23 00:33:02,59.1102039,9.6759643
Mercedes-Benz,2023-08-31 22:53:09,13.26831,43.50993
Honda,2021-10-27 04:55:28,45.3207796,4.1293609
Ford,2020-02-05 19:42:43,31.67361,35.25662
Acura,2021-09-30 10:35:34,34.3686746,-1.8354908
Pontiac,2021-11-07 16:00:33,8.9698573,118.0429566
Toyota,2023-07-15 12:25:48,6.3346249,124.9492975
Mazda,2023-09-16 03:38:15,49.8683919,1.1433823
Pontiac,2023-04-19 10:12:25,58.3234233,15.602105
Mercedes-Benz,2020-10-24 00:17:19,50.2718641,18.5286275
Infiniti,2020-04-16 13:51:46,4.315132,95.9647536
Mazda,2020-06-26 05:18:23,-8.2412718,112.0744643
Maserati,2022-05-28 23:37:27,54.026345,-7.297914
Chrysler,2021-10-02 23:01:32,45.7652358,126.6379525
Toyota,2021-08-30 17:35:57,11.0876868,11.207047
Chevrolet,2021-10-19 06:29:00,-8.1277952,112.7509656
Isuzu,2022-02-26 11:23:45,24.84662,116.746096
Audi,2023-10-29 13:53:20,56.1865953,42.1663109
Mitsubishi,2019-12-18 07:12:25,28.3835079,36.5661908
Volkswagen,2022-07-01 02:44:04,-7.2863903,-78.5753117
Dodge,2022-02-22 17:28:28,36.909074,93.163273
Aston Martin,2021-04-08 02:56:51,23.544205,112.527551
Lincoln,2022-08-02 19:47:28,33.8881512,135.1560405
Buick,2022-02-14 02:25:03,-15.10129,-73.754257
Porsche,2021-07-29 08:13:29,27.352673,109.174932
BMW,2023-03-04 01:42:10,20.9711977,107.0448069
Mitsubishi,2021-12-28 12:22:13,-2.0883269,132.1967716
Lexus,2022-09-07 05:43:44,58.1348867,8.006095
Toyota,2022-04-13 17:17:22,8.7600869,-79.8576828
Chevrolet,2022-02-18 13:19:34,-14.9210683,-49.609512
Mazda,2022-07-15 07:47:30,56.2340628,37.5182622
Chevrolet,2020-04-05 15:01:35,-7.340531,112.7077638
Pontiac,2020-10-28 17:43:28,43.3156727,-0.4289432
Subaru,2023-09-11 23:34:26,56.2807392,14.5530718
Oldsmobile,2022-01-14 23:18:51,12.7494718,4.5366582
Hyundai,2023-07-06 04:22:58,31.199997,121.461114
Land Rover,2022-03-16 13:09:43,44.2480359,20.6848641
Audi,2023-05-12 01:47:07,61.3151638,22.1444786
Ford,2021-05-08 04:25:01,-23.2400211,-51.6639768
Mercedes-Benz,2020-01-24 13:30:44,41.3009465,-8.1528902
Hyundai,2021-12-04 14:19:37,37.62,-77.61
Subaru,2020-12-29 06:57:48,-23.5113691,-46.872942
GMC,2020-03-01 22:22:52,-6.9485479,113.6561725
Mercedes-Benz,2021-07-28 18:21:07,-4.3073908,104.7812654
Maybach,2020-01-02 19:29:49,4.5775693,28.3987842
GMC,2021-07-17 12:48:31,3.6711541,98.6270628
Lexus,2020-07-04 13:24:09,39.162045,20.7509566
Chevrolet,2023-08-23 04:50:54,10.097212,-83.504629
Volkswagen,2023-04-09 10:30:03,52.56166,17.82264
Ford,2019-12-24 11:01:30,11.7629173,124.3277267
Volkswagen,2022-09-24 07:16:47,34.728584,112.132488
Jeep,2020-08-02 22:06:49,-2.9083521,29.8265492
Bentley,2021-08-21 02:31:04,32.874735,117.531622
Ford,2020-02-19 01:22:16,50.64274,15.2540856
Mazda,2021-10-30 21:17:46,32.158702,35.224177
Chrysler,2020-04-05 01:54:43,46.3583447,14.2930813
Infiniti,2021-01-21 11:32:25,47.4936583,21.66245
Austin,2023-04-28 16:57:48,43.5190858,5.4431946
Nissan,2019-11-25 08:57:48,-23.5257248,-47.1322342
Buick,2020-11-13 16:14:43,41.7555687,42.8315218
Mercedes-Benz,2020-02-07 06:19:10,-8.25944,115.566002
Nissan,2019-11-25 04:02:17,14.0031627,0.7556575
Subaru,2020-06-11 16:29:33,50.1063169,22.3570583
Lincoln,2022-01-30 10:44:20,33.347316,120.16366
Toyota,2022-04-14 02:09:39,48.1973404,16.3587247
Maserati,2020-01-09 20:23:54,26.5324775,53.9867949
Mercury,2023-08-16 06:40:59,13.32887,44.21708
Toyota,2021-06-12 07:56:41,-7.6839,107.9651
Daihatsu,2020-09-17 00:40:44,47.785421,-3.2602564
Honda,2020-11-06 07:02:30,48.835233,2.5198901
Mercedes-Benz,2022-11-06 17:17:13,42.8408389,20.1670628
Jeep,2022-09-30 12:38:55,23.106401,113.459749
Lexus,2021-10-26 16:27:56,53.2948229,69.4047872
Toyota,2021-02-07 03:41:12,51.8370136,19.8634282
BMW,2022-04-25 17:40:00,22.265811,113.543784
Dodge,2020-02-16 02:21:53,41.3641068,2.133823
BMW,2020-11-04 13:32:16,59.9251489,30.317148
Toyota,2022-01-24 15:55:02,-6.7157242,111.1920959
Buick,2023-03-07 13:12:28,36.5389811,26.3131356
Buick,2022-04-16 20:03:52,32.291013,109.07515
Nissan,2021-04-19 14:12:02,16.1393157,103.604946
Pontiac,2021-08-23 10:29:01,22.513701,113.398577
Audi,2022-10-08 00:26:26,21.5032386,-104.9078597
